Sample_Index,IR_Value,Timestamp_ms
0,22180,0.00
1,22192,20.05
2,22204,40.09
3,22208,60.14
4,22220,80.18
5,22224,100.23
6,22236,120.27
7,22236,140.32
8,22244,160.36
9,22248,180.41
10,22256,200.46
11,22264,220.50
12,22272,240.55
13,22280,260.59
14,22288,280.64
15,22296,300.68
16,22300,320.73
17,22308,340.78
18,22312,360.82
19,22316,380.87
20,22320,400.91
21,22320,420.96
22,22312,441.00
23,22304,461.05
24,22300,481.09
25,22288,501.14
26,22284,521.19
27,22288,541.23
28,22300,561.28
29,22304,581.32
30,22308,601.37
31,22312,621.41
32,22316,641.46
33,22320,661.50
34,22332,681.55
35,22340,701.60
36,22340,721.64
37,22344,741.69
38,22352,761.73
39,22364,781.78
40,22376,801.82
41,22388,821.87
42,22392,841.92
43,22392,861.96
44,22400,882.01
45,22404,902.05
46,22412,922.10
47,22420,942.14
48,22420,962.19
49,22432,982.23
50,22440,1002.28
51,22452,1022.33
52,22448,1042.37
53,22440,1062.42
54,22432,1082.46
55,22424,1102.51
56,22420,1122.55
57,22424,1142.60
58,22436,1162.64
59,22448,1182.69
60,22460,1202.74
61,22472,1222.78
62,22488,1242.83
63,22500,1262.87
64,22508,1282.92
65,22520,1302.96
66,22528,1323.01
67,22536,1343.06
68,22536,1363.10
69,22540,1383.15
70,22548,1403.19
71,22556,1423.24
72,22564,1443.28
73,22576,1463.33
74,22592,1483.37
75,22600,1503.42
76,22608,1523.47
77,22616,1543.51
78,22624,1563.56
79,22632,1583.60
80,22636,1603.65
81,22636,1623.69
82,22632,1643.74
83,22620,1663.78
84,22608,1683.83
85,22592,1703.88
86,22580,1723.92
87,22568,1743.97
88,22560,1764.01
89,22556,1784.06
90,22560,1804.10
91,22560,1824.15
92,22560,1844.20
93,22556,1864.24
94,22556,1884.29
95,22556,1904.33
96,22552,1924.38
97,22540,1944.42
98,22536,1964.47
99,22536,1984.51
100,22532,2004.56
101,22528,2024.61
102,22524,2044.65
103,22524,2064.70
104,22524,2084.74
105,22528,2104.79
106,22532,2124.83
107,22532,2144.88
108,22536,2164.92
109,22540,2184.97
110,22536,2205.02
111,22524,2225.06
112,22500,2245.11
113,22468,2265.15
114,22436,2285.20
115,22404,2305.24
116,22380,2325.29
117,22364,2345.34
118,22352,2365.38
119,22348,2385.43
120,22344,2405.47
121,22348,2425.52
122,22344,2445.56
123,22344,2465.61
124,22332,2485.65
125,22320,2505.70
126,22308,2525.75
127,22296,2545.79
128,22288,2565.84
129,22284,2585.88
130,22280,2605.93
131,22280,2625.97
132,22272,2646.02
133,22272,2666.06
134,22272,2686.11
135,22272,2706.16
136,22272,2726.20
137,22272,2746.25
138,22268,2766.29
139,22264,2786.34
140,22252,2806.38
141,22224,2826.43
142,22184,2846.48
143,22136,2866.52
144,22088,2886.57
145,22048,2906.61
146,22016,2926.66
147,21996,2946.70
148,21984,2966.75
149,21976,2986.79
150,21976,3006.84
151,21976,3026.89
152,21972,3046.93
153,21968,3066.98
154,21964,3087.02
155,21952,3107.07
156,21940,3127.11
157,21928,3147.16
158,21920,3167.20
159,21916,3187.25
160,21908,3207.30
161,21908,3227.34
162,21908,3247.39
163,21912,3267.43
164,21916,3287.48
165,21916,3307.52
166,21916,3327.57
167,21924,3347.62
168,21928,3367.66
169,21932,3387.71
170,21936,3407.75
171,21936,3427.80
172,21916,3447.84
173,21884,3467.89
174,21836,3487.93
175,21780,3507.98
176,21736,3528.03
177,21708,3548.07
178,21688,3568.12
179,21680,3588.16
180,21676,3608.21
181,21676,3628.25
182,21680,3648.30
183,21680,3668.34
184,21684,3688.39
185,21684,3708.44
186,21676,3728.48
187,21672,3748.53
188,21660,3768.57
189,21656,3788.62
190,21652,3808.66
191,21652,3828.71
192,21652,3848.76
193,21656,3868.80
194,21664,3888.85
195,21668,3908.89
196,21680,3928.94
197,21688,3948.98
198,21700,3969.03
199,21708,3989.07
200,21720,4009.12
201,21728,4029.17
202,21736,4049.21
203,21744,4069.26
204,21752,4089.30
205,21764,4109.35
206,21780,4129.39
207,21776,4149.44
208,21760,4169.48
209,21720,4189.53
210,21664,4209.58
211,21620,4229.62
212,21576,4249.67
213,21552,4269.71
214,21540,4289.76
215,21540,4309.80
216,21536,4329.85
217,21540,4349.90
218,21548,4369.94
219,21552,4389.99
220,21560,4410.03
221,21560,4430.08
222,21556,4450.12
223,21544,4470.17
224,21540,4490.21
225,21528,4510.26
226,21524,4530.31
227,21516,4550.35
228,21512,4570.40
229,21512,4590.44
230,21516,4610.49
231,21516,4630.53
232,21516,4650.58
233,21520,4670.62
234,21524,4690.67
235,21528,4710.72
236,21528,4730.76
237,21528,4750.81
238,21532,4770.85
239,21532,4790.90
240,21540,4810.94
241,21544,4830.99
242,21544,4851.04
243,21528,4871.08
244,21492,4891.13
245,21444,4911.17
246,21392,4931.22
247,21348,4951.26
248,21324,4971.31
249,21316,4991.35
250,21316,5011.40
251,21324,5031.45
252,21340,5051.49
253,21356,5071.54
254,21376,5091.58
255,21396,5111.63
256,21412,5131.67
257,21420,5151.72
258,21428,5171.76
259,21432,5191.81
260,21440,5211.86
261,21440,5231.90
262,21444,5251.95
263,21456,5271.99
264,21468,5292.04
265,21476,5312.08
266,21488,5332.13
267,21500,5352.18
268,21508,5372.22
269,21520,5392.27
270,21528,5412.31
271,21536,5432.36
272,21540,5452.40
273,21548,5472.45
274,21552,5492.49
275,21556,5512.54
276,21560,5532.59
277,21564,5552.63
278,21572,5572.68
279,21572,5592.72
280,21556,5612.77
281,21520,5632.81
282,21464,5652.86
283,21400,5672.90
284,21344,5692.95
285,21304,5713.00
286,21284,5733.04
287,21284,5753.09
288,21284,5773.13
289,21288,5793.18
290,21296,5813.22
291,21304,5833.27
292,21316,5853.32
293,21324,5873.36
294,21324,5893.41
295,21324,5913.45
296,21320,5933.50
297,21316,5953.54
298,21312,5973.59
299,21316,5993.63
300,21320,6013.68
301,21328,6033.73
302,21340,6053.77
303,21356,6073.82
304,21372,6093.86
305,21384,6113.91
306,21396,6133.95
307,21408,6154.00
308,21420,6174.04
309,21428,6194.09
310,21436,6214.14
311,21444,6234.18
312,21456,6254.23
313,21468,6274.27
314,21472,6294.32
315,21484,6314.36
316,21492,6334.41
317,21504,6354.46
318,21508,6374.50
319,21492,6394.55
320,21456,6414.59
321,21396,6434.64
322,21336,6454.68
323,21288,6474.73
324,21256,6494.77
325,21244,6514.82
326,21244,6534.87
327,21244,6554.91
328,21256,6574.96
329,21268,6595.00
330,21280,6615.05
331,21292,6635.09
332,21296,6655.14
333,21296,6675.18
334,21296,6695.23
335,21292,6715.28
336,21284,6735.32
337,21284,6755.37
338,21284,6775.41
339,21292,6795.46
340,21304,6815.50
341,21316,6835.55
342,21328,6855.60
343,21344,6875.64
344,21356,6895.69
345,21372,6915.73
346,21388,6935.78
347,21400,6955.82
348,21412,6975.87
349,21424,6995.91
350,21432,7015.96
351,21444,7036.01
352,21456,7056.05
353,21468,7076.10
354,21480,7096.14
355,21480,7116.19
356,21456,7136.23
357,21412,7156.28
358,21356,7176.32
359,21304,7196.37
360,21264,7216.42
361,21248,7236.46
362,21244,7256.51
363,21248,7276.55
364,21260,7296.60
365,21272,7316.64
366,21292,7336.69
367,21308,7356.74
368,21320,7376.78
369,21328,7396.83
370,21324,7416.87
371,21320,7436.92
372,21312,7456.96
373,21308,7477.01
374,21308,7497.05
375,21308,7517.10
376,21316,7537.15
377,21324,7557.19
378,21336,7577.24
379,21348,7597.28
380,21356,7617.33
381,21368,7637.37
382,21380,7657.42
383,21392,7677.46
384,21404,7697.51
385,21416,7717.56
386,21432,7737.60
387,21444,7757.65
388,21444,7777.69
389,21424,7797.74
390,21384,7817.78
391,21320,7837.83
392,21264,7857.88
393,21220,7877.92
394,21192,7897.97
395,21188,7918.01
396,21192,7938.06
397,21204,7958.10
398,21220,7978.15
399,21240,7998.19
400,21256,8018.24
401,21268,8038.29
402,21280,8058.33
403,21280,8078.38
404,21276,8098.42
405,21272,8118.47
406,21268,8138.51
407,21264,8158.56
408,21268,8178.60
409,21272,8198.65
410,21284,8218.70
411,21296,8238.74
412,21304,8258.79
413,21316,8278.83
414,21324,8298.88
415,21336,8318.92
416,21344,8338.97
417,21352,8359.02
418,21364,8379.06
419,21376,8399.11
420,21384,8419.15
421,21396,8439.20
422,21404,8459.24
423,21408,8479.29
424,21380,8499.33
425,21320,8519.38
426,21244,8539.43
427,21168,8559.47
428,21112,8579.52
429,21084,8599.56
430,21076,8619.61
431,21076,8639.65
432,21084,8659.70
433,21092,8679.74
434,21108,8699.79
435,21124,8719.84
436,21144,8739.88
437,21152,8759.93
438,21156,8779.97
439,21156,8800.02
440,21152,8820.06
441,21148,8840.11
442,21144,8860.16
443,21144,8880.20
444,21152,8900.25
445,21164,8920.29
446,21172,8940.34
447,21188,8960.38
448,21204,8980.43
449,21216,9000.47
450,21228,9020.52
451,21244,9040.57
452,21256,9060.61
453,21272,9080.66
454,21284,9100.70
455,21296,9120.75
456,21308,9140.79
457,21316,9160.84
458,21324,9180.88
459,21308,9200.93
460,21264,9220.98
461,21188,9241.02
462,21108,9261.07
463,21048,9281.11
464,21004,9301.16
465,20992,9321.20
466,20992,9341.25
467,21004,9361.30
468,21016,9381.34
469,21036,9401.39
470,21052,9421.43
471,21064,9441.48
472,21076,9461.52
473,21088,9481.57
474,21084,9501.61
475,21076,9521.66
476,21072,9541.71
477,21064,9561.75
478,21068,9581.80
479,21076,9601.84
480,21084,9621.89
481,21092,9641.93
482,21108,9661.98
483,21120,9682.02
484,21136,9702.07
485,21148,9722.12
486,21164,9742.16
487,21172,9762.21
488,21184,9782.25
489,21200,9802.30
490,21208,9822.34
491,21216,9842.39
492,21228,9862.44
493,21240,9882.48
494,21248,9902.53
495,21244,9922.57
496,21212,9942.62
497,21156,9962.66
498,21076,9982.71
499,21012,10002.75
500,20964,10022.80
501,20940,10042.85
502,20936,10062.89
503,20944,10082.94
504,20956,10102.98
505,20976,10123.03
506,20996,10143.07
507,21016,10163.12
508,21032,10183.16
509,21036,10203.21
510,21032,10223.26
511,21024,10243.30
512,21012,10263.35
513,21004,10283.39
514,21000,10303.44
515,21000,10323.48
516,21008,10343.53
517,21016,10363.58
518,21028,10383.62
519,21040,10403.67
520,21052,10423.71
521,21068,10443.76
522,21072,10463.80
523,21088,10483.85
524,21104,10503.89
525,21112,10523.94
526,21120,10543.99
527,21132,10564.03
528,21136,10584.08
529,21132,10604.12
530,21096,10624.17
531,21036,10644.21
532,20972,10664.26
533,20904,10684.30
534,20868,10704.35
535,20852,10724.40
536,20856,10744.44
537,20868,10764.49
538,20892,10784.53
539,20920,10804.58
540,20944,10824.62
541,20972,10844.67
542,20984,10864.72
543,20992,10884.76
544,20992,10904.81
545,20988,10924.85
546,20980,10944.90
547,20972,10964.94
548,20968,10984.99
549,20976,11005.03
550,20984,11025.08
551,21000,11045.13
552,21012,11065.17
553,21024,11085.22
554,21036,11105.26
555,21044,11125.31
556,21060,11145.35
557,21072,11165.40
558,21080,11185.44
559,21092,11205.49
560,21100,11225.54
561,21112,11245.58
562,21124,11265.63
563,21120,11285.67
564,21080,11305.72
565,21008,11325.76
566,20928,11345.81
567,20848,11365.86
568,20800,11385.90
569,20780,11405.95
570,20776,11425.99
571,20788,11446.04
572,20804,11466.08
573,20824,11486.13
574,20844,11506.17
575,20872,11526.22
576,20888,11546.27
577,20900,11566.31
578,20900,11586.36
579,20896,11606.40
580,20892,11626.45
581,20884,11646.49
582,20888,11666.54
583,20892,11686.58
584,20904,11706.63
585,20920,11726.68
586,20936,11746.72
587,20948,11766.77
588,20968,11786.81
589,20984,11806.86
590,21004,11826.90
591,21016,11846.95
592,21028,11867.00
593,21044,11887.04
594,21056,11907.09
595,21068,11927.13
596,21080,11947.18
597,21092,11967.22
598,21084,11987.27
599,21040,12007.31
600,20956,12027.36
601,20864,12047.41
602,20788,12067.45
603,20744,12087.50
604,20728,12107.54
605,20728,12127.59
606,20740,12147.63
607,20752,12167.68
608,20768,12187.73
609,20792,12207.77
610,20812,12227.82
611,20824,12247.86
612,20832,12267.91
613,20836,12287.95
614,20836,12308.00
615,20828,12328.04
616,20828,12348.09
617,20828,12368.14
618,20836,12388.18
619,20844,12408.23
620,20860,12428.27
621,20876,12448.32
622,20892,12468.36
623,20908,12488.41
624,20924,12508.45
625,20940,12528.50
626,20960,12548.55
627,20976,12568.59
628,20992,12588.64
629,21008,12608.68
630,21020,12628.73
631,21036,12648.77
632,21048,12668.82
633,21056,12688.87
634,21052,12708.91
635,21008,12728.96
636,20928,12749.00
637,20844,12769.05
638,20772,12789.09
639,20724,12809.14
640,20704,12829.18
641,20704,12849.23
642,20716,12869.28
643,20732,12889.32
644,20756,12909.37
645,20780,12929.41
646,20804,12949.46
647,20820,12969.50
648,20828,12989.55
649,20832,13009.59
650,20828,13029.64
651,20824,13049.69
652,20820,13069.73
653,20820,13089.78
654,20824,13109.82
655,20828,13129.87
656,20840,13149.91
657,20860,13169.96
658,20872,13190.01
659,20892,13210.05
660,20908,13230.10
661,20924,13250.14
662,20940,13270.19
663,20952,13290.23
664,20964,13310.28
665,20972,13330.32
666,20988,13350.37
667,20996,13370.42
668,21008,13390.46
669,21016,13410.51
670,21020,13430.55
671,20992,13450.60
672,20928,13470.64
673,20844,13490.69
674,20768,13510.73
675,20708,13530.78
676,20676,13550.83
677,20668,13570.87
678,20680,13590.92
679,20696,13610.96
680,20720,13631.01
681,20748,13651.05
682,20772,13671.10
683,20792,13691.15
684,20804,13711.19
685,20804,13731.24
686,20796,13751.28
687,20784,13771.33
688,20772,13791.37
689,20764,13811.42
690,20760,13831.46
691,20768,13851.51
692,20772,13871.56
693,20784,13891.60
694,20800,13911.65
695,20816,13931.69
696,20832,13951.74
697,20844,13971.78
698,20860,13991.83
699,20868,14011.87
700,20880,14031.92
701,20888,14051.97
702,20900,14072.01
703,20908,14092.06
704,20912,14112.10
705,20880,14132.15
706,20820,14152.19
707,20744,14172.24
708,20668,14192.29
709,20616,14212.33
710,20596,14232.38
711,20596,14252.42
712,20604,14272.47
713,20620,14292.51
714,20644,14312.56
715,20672,14332.60
716,20696,14352.65
717,20716,14372.70
718,20728,14392.74
719,20728,14412.79
720,20720,14432.83
721,20708,14452.88
722,20692,14472.92
723,20692,14492.97
724,20696,14513.01
725,20704,14533.06
726,20712,14553.11
727,20728,14573.15
728,20744,14593.20
729,20752,14613.24
730,20768,14633.29
731,20784,14653.33
732,20792,14673.38
733,20808,14693.43
734,20816,14713.47
735,20824,14733.52
736,20828,14753.56
737,20836,14773.61
738,20840,14793.65
739,20848,14813.70
740,20848,14833.74
741,20812,14853.79
742,20732,14873.84
743,20640,14893.88
744,20556,14913.93
745,20496,14933.97
746,20472,14954.02
747,20464,14974.06
748,20476,14994.11
749,20492,15014.15
750,20516,15034.20
751,20540,15054.25
752,20564,15074.29
753,20584,15094.34
754,20596,15114.38
755,20600,15134.43
756,20596,15154.47
757,20588,15174.52
758,20584,15194.57
759,20584,15214.61
760,20588,15234.66
761,20596,15254.70
762,20612,15274.75
763,20628,15294.79
764,20644,15314.84
765,20664,15334.88
766,20680,15354.93
767,20696,15374.98
768,20712,15395.02
769,20724,15415.07
770,20736,15435.11
771,20752,15455.16
772,20760,15475.20
773,20772,15495.25
774,20788,15515.29
775,20800,15535.34
776,20784,15555.39
777,20740,15575.43
778,20656,15595.48
779,20568,15615.52
780,20492,15635.57
781,20452,15655.61
782,20436,15675.66
783,20440,15695.71
784,20456,15715.75
785,20480,15735.80
786,20504,15755.84
787,20528,15775.89
788,20552,15795.93
789,20568,15815.98
790,20576,15836.02
791,20580,15856.07
792,20576,15876.12
793,20568,15896.16
794,20568,15916.21
795,20568,15936.25
796,20580,15956.30
797,20592,15976.34
798,20608,15996.39
799,20620,16016.43
800,20640,16036.48
801,20660,16056.53
802,20676,16076.57
803,20696,16096.62
804,20712,16116.66
805,20728,16136.71
806,20736,16156.75
807,20756,16176.80
808,20768,16196.85
809,20784,16216.89
810,20796,16236.94
811,20796,16256.98
812,20764,16277.03
813,20692,16297.07
814,20608,16317.12
815,20528,16337.16
816,20476,16357.21
817,20456,16377.26
818,20460,16397.30
819,20476,16417.35
820,20500,16437.39
821,20532,16457.44
822,20560,16477.48
823,20592,16497.53
824,20612,16517.57
825,20632,16537.62
826,20632,16557.67
827,20628,16577.71
828,20616,16597.76
829,20608,16617.80
830,20604,16637.85
831,20608,16657.89
832,20620,16677.94
833,20636,16697.99
834,20656,16718.03
835,20668,16738.08
836,20688,16758.12
837,20700,16778.17
838,20716,16798.21
839,20728,16818.26
840,20744,16838.30
841,20764,16858.35
842,20776,16878.40
843,20772,16898.44
844,20732,16918.49
845,20660,16938.53
846,20588,16958.58
847,20524,16978.62
848,20492,16998.67
849,20480,17018.71
850,20488,17038.76
851,20508,17058.81
852,20536,17078.85
853,20572,17098.90
854,20608,17118.94
855,20640,17138.99
856,20656,17159.03
857,20664,17179.08
858,20660,17199.13
859,20652,17219.17
860,20644,17239.22
861,20644,17259.26
862,20648,17279.31
863,20656,17299.35
864,20672,17319.40
865,20696,17339.44
866,20708,17359.49
867,20732,17379.54
868,20748,17399.58
869,20760,17419.63
870,20780,17439.67
871,20792,17459.72
872,20804,17479.76
873,20816,17499.81
874,20804,17519.85
875,20756,17539.90
876,20672,17559.95
877,20588,17579.99
878,20516,17600.04
879,20476,17620.08
880,20460,17640.13
881,20468,17660.17
882,20484,17680.22
883,20512,17700.27
884,20544,17720.31
885,20576,17740.36
886,20604,17760.40
887,20620,17780.45
888,20628,17800.49
889,20624,17820.54
890,20612,17840.58
891,20608,17860.63
892,20604,17880.68
893,20604,17900.72
894,20612,17920.77
895,20624,17940.81
896,20640,17960.86
897,20656,17980.90
898,20672,18000.95
899,20692,18020.99
900,20708,18041.04
901,20720,18061.09
902,20736,18081.13
903,20740,18101.18
904,20752,18121.22
905,20760,18141.27
906,20772,18161.31
907,20780,18181.36
908,20772,18201.41
909,20716,18221.45
910,20624,18241.50
911,20528,18261.54
912,20452,18281.59
913,20400,18301.63
914,20388,18321.68
915,20400,18341.72
916,20416,18361.77
917,20440,18381.82
918,20468,18401.86
919,20496,18421.91
920,20524,18441.95
921,20544,18462.00
922,20552,18482.04
923,20552,18502.09
924,20544,18522.13
925,20540,18542.18
926,20536,18562.23
927,20540,18582.27
928,20548,18602.32
929,20556,18622.36
930,20572,18642.41
931,20588,18662.45
932,20604,18682.50
933,20620,18702.55
934,20640,18722.59
935,20660,18742.64
936,20676,18762.68
937,20692,18782.73
938,20708,18802.77
939,20716,18822.82
940,20732,18842.86
941,20748,18862.91
942,20760,18882.96
943,20764,18903.00
944,20728,18923.05
945,20652,18943.09
946,20552,18963.14
947,20460,18983.18
948,20404,19003.23
949,20376,19023.27
950,20376,19043.32
951,20396,19063.37
952,20424,19083.41
953,20448,19103.46
954,20480,19123.50
955,20508,19143.55
956,20532,19163.59
957,20552,19183.64
958,20556,19203.69
959,20560,19223.73
960,20552,19243.78
961,20544,19263.82
962,20548,19283.87
963,20556,19303.91
964,20564,19323.96
965,20576,19344.00
966,20596,19364.05
967,20612,19384.10
968,20628,19404.14
969,20644,19424.19
970,20664,19444.23
971,20680,19464.28
972,20696,19484.32
973,20708,19504.37
974,20716,19524.41
975,20728,19544.46
976,20740,19564.51
977,20748,19584.55
978,20760,19604.60
979,20772,19624.64
980,20768,19644.69
981,20728,19664.73
982,20644,19684.78
983,20548,19704.83
984,20460,19724.87
985,20408,19744.92
986,20384,19764.96
987,20388,19785.01
988,20404,19805.05
989,20428,19825.10
990,20464,19845.14
991,20496,19865.19
992,20532,19885.24
993,20556,19905.28
994,20568,19925.33
995,20572,19945.37
996,20564,19965.42
997,20548,19985.46
998,20544,20005.51
999,20544,20025.55
1000,20544,20045.60
1001,20548,20065.65
1002,20560,20085.69
1003,20580,20105.74
1004,20596,20125.78
1005,20616,20145.83
1006,20640,20165.87
1007,20652,20185.92
1008,20672,20205.97
1009,20684,20226.01
1010,20696,20246.06
1011,20704,20266.10
1012,20716,20286.15
1013,20732,20306.19
1014,20740,20326.24
1015,20716,20346.28
1016,20656,20366.33
1017,20568,20386.38
1018,20484,20406.42
1019,20424,20426.47
1020,20392,20446.51
1021,20388,20466.56
1022,20408,20486.60
1023,20432,20506.65
1024,20460,20526.69
1025,20496,20546.74
1026,20532,20566.79
1027,20560,20586.83
1028,20580,20606.88
1029,20580,20626.92
1030,20572,20646.97
1031,20560,20667.01
1032,20548,20687.06
1033,20540,20707.11
1034,20544,20727.15
1035,20556,20747.20
1036,20572,20767.24
1037,20588,20787.29
1038,20604,20807.33
1039,20628,20827.38
1040,20648,20847.42
1041,20668,20867.47
1042,20680,20887.52
1043,20700,20907.56
1044,20712,20927.61
1045,20728,20947.65
1046,20736,20967.70
1047,20748,20987.74
1048,20756,21007.79
1049,20772,21027.83
1050,20776,21047.88
1051,20744,21067.93
1052,20664,21087.97
1053,20568,21108.02
1054,20468,21128.06
1055,20400,21148.11
1056,20364,21168.15
1057,20360,21188.20
1058,20372,21208.25
1059,20396,21228.29
1060,20424,21248.34
1061,20448,21268.38
1062,20476,21288.43
1063,20496,21308.47
1064,20516,21328.52
1065,20516,21348.56
1066,20512,21368.61
1067,20504,21388.66
1068,20500,21408.70
1069,20496,21428.75
1070,20500,21448.79
1071,20512,21468.84
1072,20524,21488.88
1073,20540,21508.93
1074,20556,21528.97
1075,20572,21549.02
1076,20592,21569.07
1077,20612,21589.11
1078,20624,21609.16
1079,20640,21629.20
1080,20656,21649.25
1081,20672,21669.29
1082,20688,21689.34
1083,20700,21709.39
1084,20716,21729.43
1085,20724,21749.48
1086,20736,21769.52
1087,20728,21789.57
1088,20668,21809.61
1089,20576,21829.66
1090,20472,21849.70
1091,20388,21869.75
1092,20344,21889.80
1093,20332,21909.84
1094,20344,21929.89
1095,20364,21949.93
1096,20392,21969.98
1097,20420,21990.02
1098,20444,22010.07
1099,20476,22030.11
1100,20496,22050.16
1101,20508,22070.21
1102,20516,22090.25
1103,20512,22110.30
1104,20508,22130.34
1105,20508,22150.39
1106,20508,22170.43
1107,20512,22190.48
1108,20524,22210.53
1109,20536,22230.57
1110,20552,22250.62
1111,20568,22270.66
1112,20584,22290.71
1113,20600,22310.75
1114,20620,22330.80
1115,20636,22350.84
1116,20656,22370.89
1117,20672,22390.94
1118,20684,22410.98
1119,20696,22431.03
1120,20704,22451.07
1121,20716,22471.12
1122,20728,22491.16
1123,20736,22511.21
1124,20728,22531.25
1125,20672,22551.30
1126,20584,22571.35
1127,20484,22591.39
1128,20400,22611.44
1129,20348,22631.48
1130,20332,22651.53
1131,20336,22671.57
1132,20356,22691.62
1133,20384,22711.67
1134,20416,22731.71
1135,20448,22751.76
1136,20480,22771.80
1137,20504,22791.85
1138,20520,22811.89
1139,20520,22831.94
1140,20516,22851.98
1141,20508,22872.03
1142,20500,22892.08
1143,20496,22912.12
1144,20500,22932.17
1145,20508,22952.21
1146,20520,22972.26
1147,20536,22992.30
1148,20552,23012.35
1149,20572,23032.39
1150,20592,23052.44
1151,20608,23072.49
1152,20624,23092.53
1153,20636,23112.58
1154,20648,23132.62
1155,20660,23152.67
1156,20668,23172.71
1157,20680,23192.76
1158,20692,23212.81
1159,20696,23232.85
1160,20672,23252.90
1161,20604,23272.94
1162,20516,23292.99
1163,20428,23313.03
1164,20360,23333.08
1165,20324,23353.12
1166,20316,23373.17
1167,20328,23393.22
1168,20352,23413.26
1169,20384,23433.31
1170,20424,23453.35
1171,20460,23473.40
1172,20492,23493.44
1173,20512,23513.49
1174,20520,23533.53
1175,20516,23553.58
1176,20508,23573.63
1177,20500,23593.67
1178,20496,23613.72
1179,20496,23633.76
1180,20504,23653.81
1181,20520,23673.85
1182,20540,23693.90
1183,20552,23713.95
1184,20572,23733.99
1185,20588,23754.04
1186,20600,23774.08
1187,20608,23794.13
1188,20624,23814.17
1189,20628,23834.22
1190,20640,23854.26
1191,20652,23874.31
1192,20664,23894.36
1193,20668,23914.40
1194,20644,23934.45
1195,20572,23954.49
1196,20476,23974.54
1197,20388,23994.58
1198,20324,24014.63
1199,20292,24034.67
1200,20292,24054.72
1201,20300,24074.77
1202,20328,24094.81
1203,20356,24114.86
1204,20392,24134.90
1205,20424,24154.95
1206,20452,24174.99
1207,20468,24195.04
1208,20472,24215.09
1209,20464,24235.13
1210,20448,24255.18
1211,20444,24275.22
1212,20440,24295.27
1213,20440,24315.31
1214,20448,24335.36
1215,20460,24355.40
1216,20476,24375.45
1217,20496,24395.50
1218,20512,24415.54
1219,20528,24435.59
1220,20548,24455.63
1221,20564,24475.68
1222,20572,24495.72
1223,20588,24515.77
1224,20600,24535.81
1225,20612,24555.86
1226,20620,24575.91
1227,20632,24595.95
1228,20648,24616.00
1229,20656,24636.04
1230,20636,24656.09
1231,20560,24676.13
1232,20460,24696.18
1233,20356,24716.23
1234,20272,24736.27
1235,20232,24756.32
1236,20220,24776.36
1237,20232,24796.41
1238,20256,24816.45
1239,20280,24836.50
1240,20312,24856.54
1241,20340,24876.59
1242,20364,24896.64
1243,20384,24916.68
1244,20392,24936.73
1245,20384,24956.77
1246,20376,24976.82
1247,20372,24996.86
1248,20364,25016.91
1249,20364,25036.95
1250,20376,25057.00
1251,20392,25077.05
1252,20404,25097.09
1253,20420,25117.14
1254,20440,25137.18
1255,20452,25157.23
1256,20468,25177.27
1257,20484,25197.32
1258,20500,25217.37
1259,20512,25237.41
1260,20528,25257.46
1261,20544,25277.50
1262,20552,25297.55
1263,20572,25317.59
1264,20584,25337.64
1265,20588,25357.68
1266,20544,25377.73
1267,20468,25397.78
1268,20372,25417.82
1269,20280,25437.87
1270,20228,25457.91
1271,20200,25477.96
1272,20208,25498.00
1273,20228,25518.05
1274,20252,25538.09
1275,20276,25558.14
1276,20308,25578.19
1277,20340,25598.23
1278,20368,25618.28
1279,20376,25638.32
1280,20380,25658.37
1281,20380,25678.41
1282,20368,25698.46
1283,20364,25718.51
1284,20364,25738.55
1285,20372,25758.60
1286,20380,25778.64
1287,20388,25798.69
1288,20404,25818.73
1289,20420,25838.78
1290,20436,25858.82
1291,20448,25878.87
1292,20464,25898.92
1293,20476,25918.96
1294,20492,25939.01
1295,20500,25959.05
1296,20512,25979.10
1297,20520,25999.14
1298,20536,26019.19
1299,20544,26039.23
1300,20556,26059.28
1301,20560,26079.33
1302,20544,26099.37
1303,20472,26119.42
1304,20380,26139.46
1305,20292,26159.51
1306,20220,26179.55
1307,20188,26199.60
1308,20184,26219.65
1309,20196,26239.69
1310,20220,26259.74
1311,20252,26279.78
1312,20288,26299.83
1313,20320,26319.87
1314,20344,26339.92
1315,20364,26359.96
1316,20364,26380.01
1317,20364,26400.06
1318,20348,26420.10
1319,20340,26440.15
1320,20336,26460.19
1321,20336,26480.24
1322,20344,26500.28
1323,20356,26520.33
1324,20364,26540.37
1325,20388,26560.42
1326,20404,26580.47
1327,20416,26600.51
1328,20432,26620.56
1329,20444,26640.60
1330,20460,26660.65
1331,20468,26680.69
1332,20476,26700.74
1333,20488,26720.79
1334,20500,26740.83
1335,20508,26760.88
1336,20504,26780.92
1337,20464,26800.97
1338,20392,26821.01
1339,20300,26841.06
1340,20220,26861.10
1341,20172,26881.15
1342,20152,26901.20
1343,20160,26921.24
1344,20180,26941.29
1345,20208,26961.33
1346,20240,26981.38
1347,20276,27001.42
1348,20304,27021.47
1349,20328,27041.51
1350,20332,27061.56
1351,20328,27081.61
1352,20316,27101.65
1353,20300,27121.70
1354,20292,27141.74
1355,20292,27161.79
1356,20300,27181.83
1357,20308,27201.88
1358,20324,27221.93
1359,20340,27241.97
1360,20356,27262.02
1361,20372,27282.06
1362,20388,27302.11
1363,20408,27322.15
1364,20420,27342.20
1365,20436,27362.24
1366,20448,27382.29
1367,20460,27402.34
1368,20464,27422.38
1369,20472,27442.43
1370,20480,27462.47
1371,20492,27482.52
1372,20500,27502.56
1373,20508,27522.61
1374,20472,27542.65
1375,20392,27562.70
1376,20288,27582.75
1377,20192,27602.79
1378,20128,27622.84
1379,20100,27642.88
1380,20096,27662.93
1381,20112,27682.97
1382,20132,27703.02
1383,20152,27723.07
1384,20180,27743.11
1385,20204,27763.16
1386,20224,27783.20
1387,20240,27803.25
1388,20248,27823.29
1389,20244,27843.34
1390,20236,27863.38
1391,20232,27883.43
1392,20228,27903.48
1393,20228,27923.52
1394,20240,27943.57
1395,20252,27963.61
1396,20272,27983.66
1397,20288,28003.70
1398,20308,28023.75
1399,20324,28043.79
1400,20336,28063.84
1401,20356,28083.89
1402,20368,28103.93
1403,20384,28123.98
1404,20392,28144.02
1405,20400,28164.07
1406,20412,28184.11
1407,20420,28204.16
1408,20440,28224.21
1409,20444,28244.25
1410,20456,28264.30
1411,20472,28284.34
1412,20464,28304.39
1413,20412,28324.43
1414,20324,28344.48
1415,20220,28364.52
1416,20136,28384.57
1417,20088,28404.62
1418,20068,28424.66
1419,20080,28444.71
1420,20096,28464.75
1421,20120,28484.80
1422,20148,28504.84
1423,20172,28524.89
1424,20200,28544.93
1425,20220,28564.98
1426,20236,28585.03
1427,20240,28605.07
1428,20236,28625.12
1429,20232,28645.16
1430,20232,28665.21
1431,20228,28685.25
1432,20236,28705.30
1433,20248,28725.35
1434,20260,28745.39
1435,20276,28765.44
1436,20296,28785.48
1437,20316,28805.53
1438,20332,28825.57
1439,20352,28845.62
1440,20368,28865.66
1441,20380,28885.71
1442,20392,28905.76
1443,20412,28925.80
1444,20420,28945.85
1445,20432,28965.89
1446,20440,28985.94
1447,20452,29005.98
1448,20460,29026.03
1449,20468,29046.07
1450,20476,29066.12
1451,20492,29086.17
1452,20500,29106.21
1453,20500,29126.26
1454,20448,29146.30
1455,20356,29166.35
1456,20252,29186.39
1457,20160,29206.44
1458,20112,29226.49
1459,20096,29246.53
1460,20108,29266.58
1461,20128,29286.62
1462,20156,29306.67
1463,20184,29326.71
1464,20212,29346.76
1465,20244,29366.80
1466,20264,29386.85
1467,20276,29406.90
1468,20280,29426.94
1469,20276,29446.99
1470,20264,29467.03
1471,20260,29487.08
1472,20260,29507.12
1473,20264,29527.17
1474,20276,29547.21
1475,20288,29567.26
1476,20304,29587.31
1477,20324,29607.35
1478,20336,29627.40
1479,20356,29647.44
1480,20368,29667.49
1481,20380,29687.53
1482,20392,29707.58
1483,20404,29727.63
1484,20416,29747.67
1485,20424,29767.72
1486,20432,29787.76
1487,20440,29807.81
1488,20448,29827.85
1489,20456,29847.90
1490,20468,29867.94
1491,20480,29887.99
1492,20488,29908.04
1493,20464,29928.08
1494,20396,29948.13
1495,20300,29968.17
1496,20208,29988.22
1497,20144,30008.26
1498,20108,30028.31
1499,20108,30048.35
1500,20128,30068.40
1501,20152,30088.45
1502,20188,30108.49
1503,20220,30128.54
1504,20256,30148.58
1505,20288,30168.63
1506,20304,30188.67
1507,20308,30208.72
1508,20300,30228.77
1509,20288,30248.81
1510,20276,30268.86
1511,20272,30288.90
1512,20268,30308.95
1513,20280,30328.99
1514,20292,30349.04
1515,20308,30369.08
1516,20328,30389.13
1517,20348,30409.18
1518,20364,30429.22
1519,20384,30449.27
1520,20404,30469.31
1521,20416,30489.36
1522,20428,30509.40
1523,20432,30529.45
1524,20440,30549.49
1525,20448,30569.54
1526,20452,30589.59
1527,20460,30609.63
1528,20468,30629.68
1529,20472,30649.72
1530,20444,30669.77
1531,20372,30689.81
1532,20280,30709.86
1533,20184,30729.91
1534,20116,30749.95
1535,20084,30770.00
1536,20080,30790.04
1537,20100,30810.09
1538,20128,30830.13
1539,20156,30850.18
1540,20196,30870.22
1541,20228,30890.27
1542,20260,30910.32
1543,20280,30930.36
1544,20288,30950.41
1545,20284,30970.45
1546,20272,30990.50
1547,20268,31010.54
1548,20264,31030.59
1549,20268,31050.63
1550,20276,31070.68
1551,20288,31090.73
1552,20308,31110.77
1553,20324,31130.82
1554,20348,31150.86
1555,20360,31170.91
1556,20380,31190.95
1557,20396,31211.00
1558,20412,31231.05
1559,20432,31251.09
1560,20448,31271.14
1561,20464,31291.18
1562,20472,31311.23
1563,20484,31331.27
1564,20496,31351.32
1565,20508,31371.36
1566,20520,31391.41
1567,20528,31411.46
1568,20532,31431.50
1569,20508,31451.55
1570,20428,31471.59
1571,20320,31491.64
1572,20212,31511.68
1573,20132,31531.73
1574,20092,31551.77
1575,20084,31571.82
1576,20100,31591.87
1577,20124,31611.91
1578,20148,31631.96
1579,20172,31652.00
1580,20204,31672.05
1581,20228,31692.09
1582,20248,31712.14
1583,20260,31732.19
1584,20264,31752.23
1585,20252,31772.28
1586,20252,31792.32
1587,20244,31812.37
1588,20248,31832.41
1589,20256,31852.46
1590,20264,31872.50
1591,20284,31892.55
1592,20300,31912.60
1593,20316,31932.64
1594,20336,31952.69
1595,20356,31972.73
1596,20376,31992.78
1597,20396,32012.82
1598,20416,32032.87
1599,20428,32052.91
1600,20440,32072.96
1601,20460,32093.01
1602,20472,32113.05
1603,20484,32133.10
1604,20504,32153.14
1605,20508,32173.19
1606,20480,32193.23
1607,20408,32213.28
1608,20308,32233.33
1609,20216,32253.37
1610,20144,32273.42
1611,20108,32293.46
1612,20104,32313.51
1613,20120,32333.55
1614,20140,32353.60
1615,20168,32373.64
1616,20204,32393.69
1617,20236,32413.74
1618,20268,32433.78
1619,20292,32453.83
1620,20296,32473.87
1621,20304,32493.92
1622,20296,32513.96
1623,20284,32534.01
1624,20280,32554.05
1625,20276,32574.10
1626,20280,32594.15
1627,20288,32614.19
1628,20300,32634.24
1629,20316,32654.28
1630,20332,32674.33
1631,20348,32694.37
1632,20364,32714.42
1633,20380,32734.47
1634,20396,32754.51
1635,20408,32774.56
1636,20420,32794.60
1637,20432,32814.65
1638,20440,32834.69
1639,20452,32854.74
1640,20460,32874.78
1641,20456,32894.83
1642,20412,32914.88
1643,20328,32934.92
1644,20232,32954.97
1645,20148,32975.01
1646,20104,32995.06
1647,20092,33015.10
1648,20100,33035.15
1649,20120,33055.19
1650,20148,33075.24
1651,20184,33095.29
1652,20228,33115.33
1653,20256,33135.38
1654,20280,33155.42
1655,20292,33175.47
1656,20292,33195.51
1657,20280,33215.56
1658,20268,33235.61
1659,20256,33255.65
1660,20252,33275.70
1661,20256,33295.74
1662,20264,33315.79
1663,20280,33335.83
1664,20296,33355.88
1665,20312,33375.92
1666,20332,33395.97
1667,20348,33416.02
1668,20364,33436.06
1669,20376,33456.11
1670,20392,33476.15
1671,20400,33496.20
1672,20412,33516.24
1673,20424,33536.29
1674,20436,33556.33
1675,20420,33576.38
1676,20364,33596.43
1677,20276,33616.47
1678,20184,33636.52
1679,20116,33656.56
1680,20080,33676.61
1681,20076,33696.65
1682,20088,33716.70
1683,20112,33736.75
1684,20140,33756.79
1685,20168,33776.84
1686,20196,33796.88
1687,20220,33816.93
1688,20228,33836.97
1689,20228,33857.02
1690,20220,33877.06
1691,20212,33897.11
1692,20200,33917.16
1693,20196,33937.20
1694,20204,33957.25
1695,20208,33977.29
1696,20228,33997.34
1697,20240,34017.38
1698,20260,34037.43
1699,20280,34057.47
1700,20296,34077.52
1701,20316,34097.57
1702,20332,34117.61
1703,20348,34137.66
1704,20364,34157.70
1705,20380,34177.75
1706,20392,34197.79
1707,20408,34217.84
1708,20420,34237.89
1709,20432,34257.93
1710,20420,34277.98
1711,20356,34298.02
1712,20256,34318.07
1713,20148,34338.11
1714,20072,34358.16
1715,20024,34378.20
1716,20020,34398.25
1717,20032,34418.30
1718,20056,34438.34
1719,20080,34458.39
1720,20108,34478.43
1721,20132,34498.48
1722,20156,34518.52
1723,20172,34538.57
1724,20176,34558.61
1725,20176,34578.66
1726,20168,34598.71
1727,20156,34618.75
1728,20156,34638.80
1729,20156,34658.84
1730,20164,34678.89
1731,20180,34698.93
1732,20188,34718.98
1733,20208,34739.03
1734,20224,34759.07
1735,20240,34779.12
1736,20256,34799.16
1737,20268,34819.21
1738,20284,34839.25
1739,20292,34859.30
1740,20296,34879.34
1741,20300,34899.39
1742,20312,34919.44
1743,20316,34939.48
1744,20324,34959.53
1745,20312,34979.57
1746,20268,34999.62
1747,20176,35019.66
1748,20072,35039.71
1749,19988,35059.75
1750,19940,35079.80
1751,19920,35099.85
1752,19924,35119.89
1753,19944,35139.94
1754,19968,35159.98
1755,19992,35180.03
1756,20020,35200.07
1757,20044,35220.12
1758,20064,35240.17
1759,20076,35260.21
1760,20080,35280.26
1761,20080,35300.30
1762,20076,35320.35
1763,20072,35340.39
1764,20072,35360.44
1765,20080,35380.48
1766,20088,35400.53
1767,20104,35420.58
1768,20124,35440.62
1769,20140,35460.67
1770,20156,35480.71
1771,20164,35500.76
1772,20184,35520.80
1773,20196,35540.85
1774,20208,35560.89
1775,20220,35580.94
1776,20236,35600.99
1777,20244,35621.03
1778,20256,35641.08
1779,20264,35661.12
1780,20272,35681.17
1781,20284,35701.21
1782,20272,35721.26
1783,20216,35741.31
1784,20128,35761.35
1785,20032,35781.40
1786,19960,35801.44
1787,19924,35821.49
1788,19916,35841.53
1789,19928,35861.58
1790,19948,35881.62
1791,19976,35901.67
1792,20004,35921.72
1793,20032,35941.76
1794,20060,35961.81
1795,20076,35981.85
1796,20088,36001.90
1797,20084,36021.94
1798,20072,36041.99
1799,20064,36062.03
1800,20064,36082.08
1801,20068,36102.13
1802,20072,36122.17
1803,20080,36142.22
1804,20100,36162.26
1805,20116,36182.31
1806,20132,36202.35
1807,20148,36222.40
1808,20160,36242.45
1809,20180,36262.49
1810,20188,36282.54
1811,20200,36302.58
1812,20208,36322.63
1813,20220,36342.67
1814,20224,36362.72
1815,20236,36382.76
1816,20244,36402.81
1817,20256,36422.86
1818,20260,36442.90
1819,20240,36462.95
1820,20176,36482.99
1821,20088,36503.04
1822,19996,36523.08
1823,19936,36543.13
1824,19908,36563.18
1825,19912,36583.22
1826,19928,36603.27
1827,19948,36623.31
1828,19980,36643.36
1829,20008,36663.40
1830,20036,36683.45
1831,20056,36703.49
1832,20064,36723.54
1833,20060,36743.59
1834,20052,36763.63
1835,20040,36783.68
1836,20032,36803.72
1837,20032,36823.77
1838,20036,36843.81
1839,20048,36863.86
1840,20068,36883.90
1841,20080,36903.95
1842,20100,36924.00
1843,20116,36944.04
1844,20128,36964.09
1845,20144,36984.13
1846,20160,37004.18
1847,20172,37024.22
1848,20188,37044.27
1849,20196,37064.32
1850,20212,37084.36
1851,20224,37104.41
1852,20232,37124.45
1853,20244,37144.50
1854,20256,37164.54
1855,20256,37184.59
1856,20224,37204.63
1857,20152,37224.68
1858,20052,37244.73
1859,19968,37264.77
1860,19912,37284.82
1861,19896,37304.86
1862,19900,37324.91
1863,19916,37344.95
1864,19940,37365.00
1865,19960,37385.04
1866,19988,37405.09
1867,20008,37425.14
1868,20028,37445.18
1869,20036,37465.23
1870,20040,37485.27
1871,20040,37505.32
1872,20032,37525.36
1873,20024,37545.41
1874,20028,37565.46
1875,20036,37585.50
1876,20044,37605.55
1877,20060,37625.59
1878,20076,37645.64
1879,20092,37665.68
1880,20112,37685.73
1881,20124,37705.77
1882,20144,37725.82
1883,20160,37745.87
1884,20176,37765.91
1885,20188,37785.96
1886,20200,37806.00
1887,20212,37826.05
1888,20224,37846.09
1889,20232,37866.14
1890,20244,37886.18
1891,20248,37906.23
1892,20260,37926.28
1893,20276,37946.32
1894,20288,37966.37
1895,20288,37986.41
1896,20240,38006.46
1897,20148,38026.50
1898,20052,38046.55
1899,19964,38066.60
1900,19920,38086.64
1901,19904,38106.69
1902,19912,38126.73
1903,19936,38146.78
1904,19960,38166.82
1905,19984,38186.87
1906,20008,38206.91
1907,20032,38226.96
1908,20056,38247.01
1909,20076,38267.05
1910,20084,38287.10
1911,20080,38307.14
1912,20080,38327.19
1913,20072,38347.23
1914,20072,38367.28
1915,20076,38387.32
1916,20092,38407.37
1917,20100,38427.42
1918,20116,38447.46
1919,20136,38467.51
1920,20156,38487.55
1921,20172,38507.60
1922,20188,38527.64
1923,20204,38547.69
1924,20220,38567.74
1925,20228,38587.78
1926,20244,38607.83
1927,20252,38627.87
1928,20260,38647.92
1929,20268,38667.96
1930,20280,38688.01
1931,20288,38708.05
1932,20296,38728.10
1933,20308,38748.15
1934,20320,38768.19
1935,20332,38788.24
1936,20320,38808.28
1937,20268,38828.33
1938,20176,38848.37
1939,20080,38868.42
1940,20008,38888.46
1941,19968,38908.51
1942,19964,38928.56
1943,19980,38948.60
1944,20004,38968.65
1945,20028,38988.69
1946,20060,39008.74
1947,20088,39028.78
1948,20112,39048.83
1949,20132,39068.88
1950,20144,39088.92
1951,20144,39108.97
1952,20136,39129.01
1953,20132,39149.06
1954,20124,39169.10
1955,20120,39189.15
1956,20128,39209.19
1957,20144,39229.24
1958,20152,39249.29
1959,20168,39269.33
1960,20180,39289.38
1961,20196,39309.42
1962,20208,39329.47
1963,20224,39349.51
1964,20236,39369.56
1965,20244,39389.60
1966,20256,39409.65
1967,20264,39429.70
1968,20276,39449.74
1969,20284,39469.79
1970,20292,39489.83
1971,20300,39509.88
1972,20312,39529.92
1973,20320,39549.97
1974,20328,39570.02
1975,20296,39590.06
1976,20228,39610.11
1977,20136,39630.15
1978,20044,39650.20
1979,19984,39670.24
1980,19964,39690.29
1981,19968,39710.33
1982,19988,39730.38
1983,20020,39750.43
1984,20044,39770.47
1985,20076,39790.52
1986,20108,39810.56
1987,20132,39830.61
1988,20152,39850.65
1989,20156,39870.70
1990,20160,39890.74
1991,20152,39910.79
1992,20140,39930.84
1993,20144,39950.88
1994,20148,39970.93
1995,20160,39990.97
1996,20176,40011.02
1997,20192,40031.06
1998,20212,40051.11
1999,20228,40071.16
2000,20248,40091.20
2001,20268,40111.25
2002,20284,40131.29
2003,20300,40151.34
2004,20316,40171.38
2005,20328,40191.43
2006,20340,40211.47
2007,20352,40231.52
2008,20360,40251.57
2009,20368,40271.61
2010,20376,40291.66
2011,20384,40311.70
2012,20396,40331.75
2013,20400,40351.79
2014,20364,40371.84
2015,20276,40391.88
2016,20172,40411.93
2017,20076,40431.98
2018,20012,40452.02
2019,19984,40472.07
2020,19988,40492.11
2021,20000,40512.16
2022,20028,40532.20
2023,20052,40552.25
2024,20080,40572.30
2025,20108,40592.34
2026,20132,40612.39
2027,20152,40632.43
2028,20164,40652.48
2029,20164,40672.52
2030,20160,40692.57
2031,20152,40712.61
2032,20152,40732.66
2033,20152,40752.71
2034,20164,40772.75
2035,20180,40792.80
2036,20196,40812.84
2037,20216,40832.89
2038,20232,40852.93
2039,20252,40872.98
2040,20272,40893.02
2041,20296,40913.07
2042,20312,40933.12
2043,20332,40953.16
2044,20344,40973.21
2045,20356,40993.25
2046,20368,41013.30
2047,20376,41033.34
2048,20388,41053.39
2049,20404,41073.44
2050,20420,41093.48
2051,20400,41113.53
2052,20336,41133.57
2053,20244,41153.62
2054,20144,41173.66
2055,20068,41193.71
2056,20028,41213.75
2057,20020,41233.80
2058,20036,41253.85
2059,20060,41273.89
2060,20088,41293.94
2061,20116,41313.98
2062,20144,41334.03
2063,20172,41354.07
2064,20196,41374.12
2065,20204,41394.16
2066,20204,41414.21
2067,20204,41434.26
2068,20192,41454.30
2069,20184,41474.35
2070,20180,41494.39
2071,20180,41514.44
2072,20192,41534.48
2073,20208,41554.53
2074,20224,41574.58
2075,20244,41594.62
2076,20264,41614.67
2077,20284,41634.71
2078,20300,41654.76
2079,20316,41674.80
2080,20332,41694.85
2081,20348,41714.89
2082,20360,41734.94
2083,20376,41754.99
2084,20388,41775.03
2085,20404,41795.08
2086,20412,41815.12
2087,20384,41835.17
2088,20324,41855.21
2089,20236,41875.26
2090,20148,41895.30
2091,20084,41915.35
2092,20056,41935.40
2093,20052,41955.44
2094,20072,41975.49
2095,20096,41995.53
2096,20128,42015.58
2097,20168,42035.62
2098,20208,42055.67
2099,20236,42075.72
2100,20252,42095.76
2101,20260,42115.81
2102,20256,42135.85
2103,20240,42155.90
2104,20228,42175.94
2105,20220,42195.99
2106,20220,42216.03
2107,20224,42236.08
2108,20240,42256.13
2109,20252,42276.17
2110,20268,42296.22
2111,20288,42316.26
2112,20304,42336.31
2113,20320,42356.35
2114,20340,42376.40
2115,20352,42396.44
2116,20368,42416.49
2117,20384,42436.54
2118,20400,42456.58
2119,20404,42476.63
2120,20384,42496.67
2121,20320,42516.72
2122,20224,42536.76
2123,20136,42556.81
2124,20072,42576.86
2125,20036,42596.90
2126,20036,42616.95
2127,20052,42636.99
2128,20084,42657.04
2129,20116,42677.08
2130,20156,42697.13
2131,20192,42717.17
2132,20220,42737.22
2133,20240,42757.27
2134,20244,42777.31
2135,20240,42797.36
2136,20232,42817.40
2137,20224,42837.45
2138,20224,42857.49
2139,20224,42877.54
2140,20232,42897.58
2141,20256,42917.63
2142,20268,42937.68
2143,20284,42957.72
2144,20304,42977.77
2145,20324,42997.81
2146,20340,43017.86
2147,20356,43037.90
2148,20372,43057.95
2149,20388,43078.00
2150,20400,43098.04
2151,20412,43118.09
2152,20424,43138.13
2153,20428,43158.18
2154,20400,43178.22
2155,20320,43198.27
2156,20216,43218.31
2157,20116,43238.36
2158,20040,43258.41
2159,20008,43278.45
2160,20008,43298.50
2161,20028,43318.54
2162,20048,43338.59
2163,20076,43358.63
2164,20100,43378.68
2165,20128,43398.72
2166,20156,43418.77
2167,20172,43438.82
2168,20180,43458.86
2169,20176,43478.91
2170,20164,43498.95
2171,20152,43519.00
2172,20148,43539.04
2173,20148,43559.09
2174,20152,43579.14
2175,20168,43599.18
2176,20180,43619.23
2177,20200,43639.27
2178,20216,43659.32
2179,20232,43679.36
2180,20248,43699.41
2181,20260,43719.45
2182,20276,43739.50
2183,20288,43759.55
2184,20304,43779.59
2185,20316,43799.64
2186,20320,43819.68
2187,20276,43839.73
2188,20200,43859.77
2189,20100,43879.82
2190,20024,43899.86
2191,19980,43919.91
2192,19968,43939.96
2193,19980,43960.00
2194,20004,43980.05
2195,20032,44000.09
2196,20056,44020.14
2197,20088,44040.18
2198,20116,44060.23
2199,20140,44080.28
2200,20152,44100.32
2201,20156,44120.37
2202,20152,44140.41
2203,20144,44160.46
2204,20136,44180.50
2205,20136,44200.55
2206,20144,44220.59
2207,20152,44240.64
2208,20164,44260.69
2209,20180,44280.73
2210,20196,44300.78
2211,20208,44320.82
2212,20224,44340.87
2213,20240,44360.91
2214,20252,44380.96
2215,20264,44401.00
2216,20280,44421.05
2217,20292,44441.10
2218,20304,44461.14
2219,20320,44481.19
2220,20308,44501.23
2221,20256,44521.28
2222,20168,44541.32
2223,20068,44561.37
2224,19996,44581.42
2225,19960,44601.46
2226,19956,44621.51
2227,19968,44641.55
2228,19992,44661.60
2229,20020,44681.64
2230,20052,44701.69
2231,20088,44721.73
2232,20112,44741.78
2233,20132,44761.83
2234,20136,44781.87
2235,20132,44801.92
2236,20124,44821.96
2237,20116,44842.01
2238,20112,44862.05
2239,20112,44882.10
2240,20116,44902.14
2241,20128,44922.19
2242,20144,44942.24
2243,20156,44962.28
2244,20176,44982.33
2245,20192,45002.37
2246,20204,45022.42
2247,20216,45042.46
2248,20228,45062.51
2249,20240,45082.56
2250,20256,45102.60
2251,20268,45122.65
2252,20276,45142.69
2253,20280,45162.74
2254,20252,45182.78
2255,20180,45202.83
2256,20092,45222.87
2257,20008,45242.92
2258,19956,45262.97
2259,19940,45283.01
2260,19944,45303.06
2261,19964,45323.10
2262,19992,45343.15
2263,20024,45363.19
2264,20056,45383.24
2265,20088,45403.28
2266,20108,45423.33
2267,20108,45443.38
2268,20100,45463.42
2269,20088,45483.47
2270,20072,45503.51
2271,20068,45523.56
2272,20072,45543.60
2273,20080,45563.65
2274,20092,45583.70
2275,20112,45603.74
2276,20128,45623.79
2277,20148,45643.83
2278,20160,45663.88
2279,20176,45683.92
2280,20188,45703.97
2281,20196,45724.01
2282,20212,45744.06
2283,20224,45764.11
2284,20236,45784.15
2285,20244,45804.20
2286,20260,45824.24
2287,20256,45844.29
2288,20208,45864.33
2289,20124,45884.38
2290,20024,45904.42
2291,19952,45924.47
2292,19916,45944.52
2293,19908,45964.56
2294,19924,45984.61
2295,19948,46004.65
2296,19976,46024.70
2297,20000,46044.74
2298,20028,46064.79
2299,20056,46084.84
2300,20076,46104.88
2301,20080,46124.93
2302,20080,46144.97
2303,20072,46165.02
2304,20064,46185.06
2305,20064,46205.11
2306,20060,46225.15
2307,20068,46245.20
2308,20080,46265.25
2309,20092,46285.29
2310,20108,46305.34
2311,20124,46325.38
2312,20140,46345.43
2313,20156,46365.47
2314,20168,46385.52
2315,20180,46405.56
2316,20192,46425.61
2317,20196,46445.66
2318,20208,46465.70
2319,20216,46485.75
2320,20224,46505.79
2321,20232,46525.84
2322,20248,46545.88
2323,20252,46565.93
2324,20228,46585.98
2325,20152,46606.02
2326,20056,46626.07
2327,19972,46646.11
2328,19916,46666.16
2329,19900,46686.20
2330,19908,46706.25
2331,19928,46726.29
2332,19952,46746.34
2333,19972,46766.39
2334,19996,46786.43
2335,20028,46806.48
2336,20048,46826.52
2337,20068,46846.57
2338,20076,46866.61
2339,20076,46886.66
2340,20072,46906.70
2341,20064,46926.75
2342,20068,46946.80
2343,20072,46966.84
2344,20084,46986.89
2345,20100,47006.93
2346,20116,47026.98
2347,20136,47047.02
2348,20152,47067.07
2349,20168,47087.12
2350,20184,47107.16
2351,20196,47127.21
2352,20212,47147.25
2353,20220,47167.30
2354,20228,47187.34
2355,20240,47207.39
2356,20244,47227.43
2357,20252,47247.48
2358,20256,47267.53
2359,20264,47287.57
2360,20280,47307.62
2361,20288,47327.66
2362,20284,47347.71
2363,20232,47367.75
2364,20144,47387.80
2365,20040,47407.84
2366,19972,47427.89
2367,19932,47447.94
2368,19932,47467.98
2369,19948,47488.03
2370,19968,47508.07
2371,19992,47528.12
2372,20024,47548.16
2373,20048,47568.21
2374,20076,47588.26
2375,20092,47608.30
2376,20100,47628.35
2377,20100,47648.39
2378,20092,47668.44
2379,20084,47688.48
2380,20084,47708.53
2381,20080,47728.57
2382,20088,47748.62
2383,20104,47768.67
2384,20120,47788.71
2385,20140,47808.76
2386,20156,47828.80
2387,20176,47848.85
2388,20188,47868.89
2389,20204,47888.94
2390,20212,47908.98
2391,20228,47929.03
2392,20240,47949.08
2393,20256,47969.12
2394,20264,47989.17
2395,20276,48009.21
2396,20284,48029.26
2397,20296,48049.30
2398,20304,48069.35
2399,20312,48089.40
2400,20300,48109.44
2401,20252,48129.49
2402,20160,48149.53
2403,20068,48169.58
2404,19992,48189.62
2405,19948,48209.67
2406,19940,48229.71
2407,19952,48249.76
2408,19976,48269.81
2409,20004,48289.85
2410,20036,48309.90
2411,20060,48329.94
2412,20084,48349.99
2413,20104,48370.03
2414,20112,48390.08
2415,20104,48410.12
2416,20096,48430.17
2417,20084,48450.22
2418,20084,48470.26
2419,20084,48490.31
2420,20096,48510.35
2421,20112,48530.40
2422,20128,48550.44
2423,20148,48570.49
2424,20168,48590.54
2425,20180,48610.58
2426,20204,48630.63
2427,20216,48650.67
2428,20232,48670.72
2429,20244,48690.76
2430,20260,48710.81
2431,20268,48730.85
2432,20280,48750.90
2433,20292,48770.95
2434,20300,48790.99
2435,20308,48811.04
2436,20316,48831.08
2437,20328,48851.13
2438,20340,48871.17
2439,20344,48891.22
2440,20312,48911.26
2441,20236,48931.31
2442,20132,48951.36
2443,20036,48971.40
2444,19972,48991.45
2445,19952,49011.49
2446,19956,49031.54
2447,19976,49051.58
2448,20000,49071.63
2449,20020,49091.68
2450,20044,49111.72
2451,20068,49131.77
2452,20088,49151.81
2453,20104,49171.86
2454,20108,49191.90
2455,20108,49211.95
2456,20100,49231.99
2457,20092,49252.04
2458,20096,49272.09
2459,20100,49292.13
2460,20116,49312.18
2461,20128,49332.22
2462,20148,49352.27
2463,20168,49372.31
2464,20184,49392.36
2465,20204,49412.40
2466,20224,49432.45
2467,20236,49452.50
2468,20252,49472.54
2469,20268,49492.59
2470,20280,49512.63
2471,20292,49532.68
2472,20300,49552.72
2473,20312,49572.77
2474,20324,49592.82
2475,20332,49612.86
2476,20344,49632.91
2477,20352,49652.95
2478,20324,49673.00
2479,20252,49693.04
2480,20156,49713.09
2481,20064,49733.13
2482,20008,49753.18
2483,19984,49773.23
2484,19988,49793.27
2485,20012,49813.32
2486,20032,49833.36
2487,20060,49853.41
2488,20088,49873.45
2489,20120,49893.50
2490,20144,49913.54
2491,20160,49933.59
2492,20164,49953.64
2493,20164,49973.68
2494,20160,49993.73
2495,20156,50013.77
2496,20152,50033.82
2497,20156,50053.86
2498,20168,50073.91
2499,20180,50093.96
2500,20192,50114.00
2501,20208,50134.05
2502,20224,50154.09
2503,20240,50174.14
2504,20256,50194.18
2505,20268,50214.23
2506,20284,50234.27
2507,20300,50254.32
2508,20312,50274.37
2509,20328,50294.41
2510,20340,50314.46
2511,20352,50334.50
2512,20364,50354.55
2513,20352,50374.59
2514,20300,50394.64
2515,20220,50414.68
2516,20124,50434.73
2517,20056,50454.78
2518,20020,50474.82
2519,20012,50494.87
2520,20028,50514.91
2521,20056,50534.96
2522,20088,50555.00
2523,20120,50575.05
2524,20160,50595.10
2525,20188,50615.14
2526,20212,50635.19
2527,20220,50655.23
2528,20220,50675.28
2529,20212,50695.32
2530,20192,50715.37
2531,20184,50735.41
2532,20180,50755.46
2533,20188,50775.51
2534,20200,50795.55
2535,20216,50815.60
2536,20236,50835.64
2537,20256,50855.69
2538,20272,50875.73
2539,20288,50895.78
2540,20300,50915.82
2541,20320,50935.87
2542,20332,50955.92
2543,20348,50975.96
2544,20360,50996.01
2545,20376,51016.05
2546,20376,51036.10
2547,20340,51056.14
2548,20260,51076.19
2549,20160,51096.24
2550,20080,51116.28
2551,20032,51136.33
2552,20012,51156.37
2553,20020,51176.42
2554,20040,51196.46
2555,20068,51216.51
2556,20092,51236.55
2557,20124,51256.60
2558,20156,51276.65
2559,20180,51296.69
2560,20192,51316.74
2561,20196,51336.78
2562,20184,51356.83
2563,20172,51376.87
2564,20168,51396.92
2565,20168,51416.96
2566,20172,51437.01
2567,20188,51457.06
2568,20200,51477.10
2569,20224,51497.15
2570,20240,51517.19
2571,20260,51537.24
2572,20280,51557.28
2573,20296,51577.33
2574,20312,51597.38
2575,20324,51617.42
2576,20340,51637.47
2577,20352,51657.51
2578,20368,51677.56
2579,20376,51697.60
2580,20388,51717.65
2581,20380,51737.69
2582,20320,51757.74
2583,20228,51777.79
2584,20124,51797.83
2585,20048,51817.88
2586,20008,51837.92
2587,20000,51857.97
2588,20012,51878.01
2589,20036,51898.06
2590,20064,51918.10
2591,20092,51938.15
2592,20120,51958.20
2593,20152,51978.24
2594,20172,51998.29
2595,20180,52018.33
2596,20180,52038.38
2597,20176,52058.42
2598,20172,52078.47
2599,20168,52098.52
2600,20168,52118.56
2601,20176,52138.61
2602,20184,52158.65
2603,20200,52178.70
2604,20220,52198.74
2605,20236,52218.79
2606,20256,52238.83
2607,20272,52258.88
2608,20288,52278.93
2609,20304,52298.97
2610,20320,52319.02
2611,20332,52339.06
2612,20344,52359.11
2613,20356,52379.15
2614,20368,52399.20
2615,20368,52419.24
2616,20320,52439.29
2617,20236,52459.34
2618,20140,52479.38
2619,20056,52499.43
2620,20012,52519.47
2621,20000,52539.52
2622,20012,52559.56
2623,20032,52579.61
2624,20060,52599.66
2625,20092,52619.70
2626,20124,52639.75
2627,20156,52659.79
2628,20184,52679.84
2629,20196,52699.88
2630,20196,52719.93
2631,20192,52739.97
2632,20184,52760.02
2633,20176,52780.07
2634,20176,52800.11
2635,20180,52820.16
2636,20192,52840.20
2637,20208,52860.25
2638,20228,52880.29
2639,20248,52900.34
2640,20264,52920.38
2641,20280,52940.43
2642,20296,52960.48
2643,20312,52980.52
2644,20332,53000.57
2645,20348,53020.61
2646,20360,53040.66
2647,20368,53060.70
2648,20344,53080.75
2649,20276,53100.80
2650,20180,53120.84
2651,20096,53140.89
2652,20036,53160.93
2653,20012,53180.98
2654,20008,53201.02
2655,20024,53221.07
2656,20056,53241.11
2657,20088,53261.16
2658,20124,53281.21
2659,20160,53301.25
2660,20184,53321.30
2661,20196,53341.34
2662,20200,53361.39
2663,20192,53381.43
2664,20188,53401.48
2665,20176,53421.52
2666,20176,53441.57
2667,20180,53461.62
2668,20192,53481.66
2669,20208,53501.71
2670,20224,53521.75
2671,20240,53541.80
2672,20260,53561.84
2673,20272,53581.89
2674,20280,53601.94
2675,20296,53621.98
2676,20308,53642.03
2677,20316,53662.07
2678,20328,53682.12
2679,20336,53702.16
2680,20332,53722.21
2681,20288,53742.25
2682,20208,53762.30
2683,20104,53782.35
2684,20028,53802.39
2685,19984,53822.44
2686,19980,53842.48
2687,19992,53862.53
2688,20016,53882.57
2689,20052,53902.62
2690,20084,53922.66
2691,20120,53942.71
2692,20152,53962.76
2693,20172,53982.80
2694,20184,54002.85
2695,20176,54022.89
2696,20164,54042.94
2697,20152,54062.98
2698,20144,54083.03
2699,20144,54103.08
2700,20152,54123.12
2701,20164,54143.17
2702,20184,54163.21
2703,20204,54183.26
2704,20220,54203.30
2705,20240,54223.35
2706,20252,54243.39
2707,20264,54263.44
2708,20280,54283.49
2709,20292,54303.53
2710,20308,54323.58
2711,20320,54343.62
2712,20336,54363.67
2713,20344,54383.71
2714,20336,54403.76
2715,20276,54423.80
2716,20176,54443.85
2717,20068,54463.90
2718,19992,54483.94
2719,19952,54503.99
2720,19948,54524.03
2721,19964,54544.08
2722,19988,54564.12
2723,20016,54584.17
2724,20044,54604.22
2725,20080,54624.26
2726,20108,54644.31
2727,20124,54664.35
2728,20140,54684.40
2729,20140,54704.44
2730,20132,54724.49
2731,20128,54744.53
2732,20124,54764.58
2733,20128,54784.63
2734,20136,54804.67
2735,20152,54824.72
2736,20168,54844.76
2737,20184,54864.81
2738,20204,54884.85
2739,20228,54904.90
2740,20244,54924.94
2741,20260,54944.99
2742,20272,54965.04
2743,20288,54985.08
2744,20300,55005.13
2745,20312,55025.17
2746,20324,55045.22
2747,20336,55065.26
2748,20332,55085.31
2749,20280,55105.36
2750,20192,55125.40
2751,20088,55145.45
2752,19996,55165.49
2753,19952,55185.54
2754,19936,55205.58
2755,19948,55225.63
2756,19968,55245.67
2757,19996,55265.72
2758,20028,55285.77
2759,20056,55305.81
2760,20084,55325.86
2761,20104,55345.90
2762,20116,55365.95
2763,20116,55385.99
2764,20112,55406.04
2765,20108,55426.08
2766,20104,55446.13
2767,20100,55466.18
2768,20108,55486.22
2769,20120,55506.27
2770,20132,55526.31
2771,20152,55546.36
2772,20168,55566.40
2773,20188,55586.45
2774,20204,55606.50
2775,20224,55626.54
2776,20236,55646.59
2777,20248,55666.63
2778,20264,55686.68
2779,20276,55706.72
2780,20292,55726.77
2781,20304,55746.81
2782,20296,55766.86
2783,20248,55786.91
2784,20160,55806.95
2785,20064,55827.00
2786,19988,55847.04
2787,19944,55867.09
2788,19936,55887.13
2789,19952,55907.18
2790,19976,55927.22
2791,20004,55947.27
2792,20036,55967.32
2793,20076,55987.36
2794,20112,56007.41
2795,20128,56027.45
2796,20136,56047.50
2797,20128,56067.54
2798,20112,56087.59
2799,20100,56107.64
2800,20088,56127.68
2801,20088,56147.73
2802,20096,56167.77
2803,20108,56187.82
2804,20124,56207.86
2805,20140,56227.91
2806,20160,56247.95
2807,20176,56268.00
2808,20192,56288.05
2809,20200,56308.09
2810,20212,56328.14
2811,20228,56348.18
2812,20236,56368.23
2813,20248,56388.27
2814,20260,56408.32
2815,20264,56428.36
2816,20240,56448.41
2817,20172,56468.46
2818,20080,56488.50
2819,19992,56508.55
2820,19928,56528.59
2821,19900,56548.64
2822,19904,56568.68
2823,19928,56588.73
2824,19956,56608.78
2825,19988,56628.82
2826,20024,56648.87
2827,20060,56668.91
2828,20092,56688.96
2829,20112,56709.00
2830,20116,56729.05
2831,20116,56749.09
2832,20104,56769.14
2833,20096,56789.19
2834,20096,56809.23
2835,20104,56829.28
2836,20116,56849.32
2837,20128,56869.37
2838,20152,56889.41
2839,20168,56909.46
2840,20188,56929.50
2841,20204,56949.55
2842,20224,56969.60
2843,20240,56989.64
2844,20252,57009.69
2845,20268,57029.73
2846,20280,57049.78
2847,20288,57069.82
2848,20296,57089.87
2849,20308,57109.92
2850,20320,57129.96
2851,20324,57150.01
2852,20292,57170.05
2853,20208,57190.10
2854,20096,57210.14
2855,19992,57230.19
2856,19932,57250.23
2857,19900,57270.28
2858,19908,57290.33
2859,19928,57310.37
2860,19956,57330.42
2861,19984,57350.46
2862,20012,57370.51
2863,20044,57390.55
2864,20072,57410.60
2865,20088,57430.64
2866,20096,57450.69
2867,20096,57470.74
2868,20088,57490.78
2869,20080,57510.83
2870,20080,57530.87
2871,20084,57550.92
2872,20092,57570.96
2873,20108,57591.01
2874,20124,57611.06
2875,20144,57631.10
2876,20164,57651.15
2877,20188,57671.19
2878,20212,57691.24
2879,20228,57711.28
2880,20248,57731.33
2881,20264,57751.37
2882,20280,57771.42
2883,20296,57791.47
2884,20308,57811.51
2885,20320,57831.56
2886,20328,57851.60
2887,20336,57871.65
2888,20300,57891.69
2889,20212,57911.74
2890,20100,57931.78
2891,20008,57951.83
2892,19948,57971.88
2893,19932,57991.92
2894,19936,58011.97
2895,19960,58032.01
2896,19988,58052.06
2897,20016,58072.10
2898,20048,58092.15
2899,20084,58112.20
2900,20104,58132.24
2901,20120,58152.29
2902,20128,58172.33
2903,20124,58192.38
2904,20116,58212.42
2905,20104,58232.47
2906,20100,58252.51
2907,20104,58272.56
2908,20112,58292.61
2909,20124,58312.65
2910,20144,58332.70
2911,20160,58352.74
2912,20180,58372.79
2913,20196,58392.83
2914,20216,58412.88
2915,20228,58432.92
2916,20248,58452.97
2917,20264,58473.02
2918,20280,58493.06
2919,20292,58513.11
2920,20304,58533.15
2921,20320,58553.20
2922,20320,58573.24
2923,20276,58593.29
2924,20192,58613.34
2925,20092,58633.38
2926,20004,58653.43
2927,19956,58673.47
2928,19944,58693.52
2929,19952,58713.56
2930,19980,58733.61
2931,20012,58753.65
2932,20044,58773.70
2933,20084,58793.75
2934,20120,58813.79
2935,20148,58833.84
2936,20156,58853.88
2937,20156,58873.93
2938,20148,58893.97
2939,20136,58914.02
2940,20128,58934.06
2941,20128,58954.11
2942,20132,58974.16
2943,20144,58994.20
2944,20152,59014.25
2945,20168,59034.29
2946,20184,59054.34
2947,20200,59074.38
2948,20220,59094.43
2949,20232,59114.48
2950,20248,59134.52
2951,20256,59154.57
2952,20268,59174.61
2953,20280,59194.66
2954,20296,59214.70
2955,20308,59234.75
2956,20300,59254.79
2957,20244,59274.84
2958,20148,59294.89
2959,20048,59314.93
2960,19964,59334.98
2961,19924,59355.02
2962,19916,59375.07
2963,19936,59395.11
2964,19964,59415.16
2965,19996,59435.20
2966,20036,59455.25
2967,20076,59475.30
2968,20112,59495.34
2969,20132,59515.39
2970,20144,59535.43
2971,20140,59555.48
2972,20132,59575.52
2973,20124,59595.57
2974,20120,59615.62
2975,20120,59635.66
2976,20132,59655.71
2977,20148,59675.75
2978,20168,59695.80
2979,20184,59715.84
2980,20204,59735.89
2981,20224,59755.93
2982,20240,59775.98
2983,20256,59796.03
2984,20268,59816.07
2985,20288,59836.12
2986,20304,59856.16
2987,20316,59876.21
2988,20328,59896.25
2989,20344,59916.30
2990,20352,59936.34
2991,20364,59956.39
2992,20344,59976.44
2993,20268,59996.48
2994,20156,60016.53
2995,20044,60036.57
2996,19964,60056.62
2997,19920,60076.66
2998,19920,60096.71
2999,19940,60116.76
