0,1,2,3,4,5,6,7,8,9,10,11,12,13,14,15,16,17,18,19,20,21,22,23,24,25,26,27,28,29,30,31,32,33,34,35,36,37,38,39,40,41,42,43,44,45,46,47,48,49,50,51,52,53,54,55,56,57,58,59,60,61,62,63,64,65,66,67,68,69,70,71,72,73,74,75,76,77,78,79,80,81,82,83,84,85,86,87,88,89,90,91,92,93,94,95,96,97,98,99
69.9604727533144,59.778862196080595,51.91774478378084,47.41140578234036,46.694462634104305,49.636442658536396,55.695327508930596,64.10629150482931,74.03138839884397,84.63308332728155,95.07890556727386,104.51571085681141,112.06021404638315,116.84301630433256,118.12373527543274,115.464389992139,108.90993165300146,99.09815097772287,87.23011388674881,74.88164942632439,63.70427465438148,55.113672268432985,50.065743032732016,48.973268164874746,51.75124910515798,57.93403863506008,66.79960689947994,77.45865438403531,88.90081074233237,100.01902509549828,109.64598065206623,116.6330552756903,119.98747422434202,119.05834901653512,113.73039198752456,104.5577280520511,92.76709724384324,80.09138529142609,68.45634642893157,59.60891801869254,54.80473941587213,54.642899306528435,59.06674856335018,67.48587213202339,78.94688064486748,92.28920302581552,106.25149117878246,119.53087911538994,130.8269369891697,138.91097355314625,142.74704404065562,141.66260018567993,135.53332800618224,124.91756799911434,111.06741002784207,95.77257712335476,81.05604354276784,68.8061702543393,60.45914807810088,56.81907727848524,58.03843631583902,63.71823215691452,73.05724456968532,84.98989442443246,98.28482082277576,111.60838419002442,123.57775369347671,132.8365511080349,138.18079986757766,138.73957505518314,134.17709752066636,124.84972869346535,111.84472410883001,96.85725828703872,81.91788609616668,69.03774229827978,59.86580926853726,55.44240059635039,56.09612732679726,61.483108939003905,70.72359114083103,82.57278654681681,95.57797527456965,108.20625625968282,118.95339700812931,126.45596430327085,129.62810006333615,127.82796433651988,121.02705318728349,109.92443763479164,95.93871071023895,81.03313232969231,67.38372113783916,56.9709613915169,51.22315269357081,50.82092738969713,55.69269158755938,65.14746430947051,78.06102551218731,93.05709027511196
-20.889099943024014,-29.306276420373365,-36.960383651098645,-42.621637955498116,-45.34285220756975,-44.670820644456384,-40.727269374750755,-34.13615724692725,-25.837270801015514,-16.864058895401456,-8.162681614020762,-0.49655693925372124,5.563677997452681,9.600214383885184,11.307658453795991,10.492787184187192,7.12920662432768,1.4491003884450153,-5.973459803289534,-14.205015088552699,-22.04469997806943,-28.22780423729984,-31.68864725180964,-31.794137655483436,-28.46597108884974,-22.156189920629057,-13.700090701456798,-4.11158677515706,5.6062898168938755,14.585559931134172,22.139211130991086,27.750821569022857,31.049948709258828,31.814732172682874,30.022945476144937,25.94038309906553,20.20292390132963,13.830412754637852,8.120682546402696,4.415898368634403,3.796924510225352,6.8107241373157335,13.336540643618767,22.64185179680249,33.598335343474574,44.966422419071925,55.64379241055644,64.8065807331366,71.92775255977352,76.70732463490613,78.97590720052091,78.63129560980823,75.64317928973246,70.12501689282779,62.43714726581668,53.26242938651487,43.59565970777081,34.61736007730587,27.474486662049298,23.040251019202543,21.74217491920945,23.518943178904653,27.90835706100464,34.21356747952826,41.67114468255713,49.5604918631808,57.234915237928135,64.09540189724595,69.55121650328645,73.01282123168508,73.94639757153443,71.99144568131847,67.1105422316467,59.71332634326226,50.68856206578769,41.29978347637525,32.950333353770745,26.882893853508556,23.91477825356642,24.298974879248842,27.74622334364878,33.57651842477336,40.924600024861704,48.92001774404718,56.79151670869799,63.887632446907894,69.64140212031073,73.52636810600221,75.05026248579514,73.81325825425266,69.62514656060246,62.640860413335865,53.45068892379504,43.06395386043392,32.75911479438238,23.83004325301784,17.31016883838035,13.771402716979345,13.261657706076198,15.383348711747141
42.122795063679966,37.34803479732863,37.447635334630675,42.3557798134355,51.38762112933353,63.46584463788858,77.36745075101007,91.9146514693019,106.07179473342238,118.95471975080613,129.79200837836558,137.88972721043788,142.64305431033762,143.61511215428382,140.67091766136448,134.12077487617688,124.8063801732156,114.06821542297,103.56879657533754,95.00194902764933,89.76864276188344,88.71819099635957,92.02881217814249,99.24738865582677,109.4532715784072,121.47937522284167,134.12304220294172,146.30083337310606,157.13097558158955,165.95325176173955,172.31250304174893,175.93606373450862,176.72807165277513,174.78864875194753,170.44880777233317,164.29774347169712,157.17270876868105,150.0874165786397,144.09501050501265,140.11120868036167,138.74751171386393,140.20682113222944,144.27106985055684,150.37624230666668,157.7427449128362,165.51855506746708,172.89897958642933,179.20401506722746,183.9134372583003,186.67313184310981,187.2902250378217,185.73048231988506,182.12344829119817,176.77266090268301,170.16078472451656,162.93303688976556,155.84140605120703,149.64361683324282,144.97408323229772,142.22614757181245,141.48830917120856,142.55645926141892,145.01226948101836,148.3342449348905,152.00248663039469,155.56826733884375,158.67741854343868,161.0554121678555,162.4762645532423,162.74208996999786,161.69328637165574,159.2540635611409,155.50066649543774,150.72577694187535,145.46629321099914,140.4670423648013,136.5720831990273,134.56348809992895,134.99204123753998,138.0509340101514,143.52804348497997,150.84444555403158,159.16121549862154,167.5223360238963,174.9998252273266,180.81463754287975,184.4181294949882,185.52926189783992,184.13100256859295,180.43638225620148,174.8394332989234,167.8660450896565,160.13284473550715,152.3107194369705,145.08056315131734,139.06989904435446,134.77133981762123,132.4600980824371,132.13758152207095,133.52487912548733
19.62127090803721,4.368137754345997,-8.63699855194306,-16.00811735070151,-15.208652905486227,-4.856945277118248,15.222283469627694,44.1369125883255,80.14735786526238,120.87894972195895,163.497270532018,204.86831826011826,241.74636468169965,271.02931414859165,290.10169644793143,297.2453601671653,292.0418916013696,275.6444295528424,250.7913574719121,221.48622555671463,192.36771705011688,167.90481465286877,151.6245303960439,145.57266018789255,150.1213609596583,164.114712597662,185.2441411453603,210.50636261311737,236.61767869391824,260.31591561769903,278.54652915713444,288.5845420114486,288.17891428012433,275.80165257043933,251.0191230592166,214.89225052796917,170.2197643700704,121.43639865958217,74.08932230930242,33.98907609335124,6.265364394497122,-5.422345636390933,0.6380009757999286,24.06330699256209,62.46808743149209,111.69609194108158,166.1647555137714,219.3805259471073,264.68458248769474,296.18888574515313,309.73054558247367,303.60262889582697,278.85794626871547,239.10063455780653,189.81407295720547,137.38006488492573,88.0132418543388,46.85504954950261,17.418414386209154,1.4466419196720868,-0.8950554378377275,9.339731447185343,30.250265316710117,59.382209917349236,93.91876813793567,130.78921988435675,166.7392314273674,198.4169397595387,222.52662100598832,236.0909059706786,236.83581803972126,223.6560186467053,197.0395455235669,159.27959538319536,114.32746935705141,67.25178258443441,23.413416001694674,-12.428457378064799,-36.84380387607533,-48.1259068890552,-46.3090202911725,-32.889925969017284,-10.406580407585887,17.974440029779377,48.77111088162411,78.3911596351884,103.28537448723806,120.13081190115122,126.10856715162214,119.28851149436426,99.0609873695163,66.48686848604908,24.4065459057593,-22.8133066962957,-69.90589712363925,-111.57396816801801,-143.37367098114606,-162.37592101915652,-167.45513340565506,-159.192208709104
174.2560440027815,201.8321678551705,233.3406518074428,267.25385363614555,301.85078433887185,334.95025558430865,363.7588426915936,384.9638894263405,395.1326558945608,391.37873977751883,372.1500373529697,337.9078223424893,291.441214665801,237.63327785256405,182.66809003227758,132.8797063865151,93.58756246532137,68.26130396458632,58.216512685019715,62.83807204771719,80.15525979678807,107.51498869324908,142.12592069906637,181.34366547681648,222.68826423225707,263.6865791640905,301.6856149550899,333.7807616138596,356.9575543533807,368.47560168447853,366.4416575919783,350.43458872550843,321.9783334557257,284.64752575465707,243.67081764428153,205.065405322929,174.52501127480886,156.39169796895513,153.00749117102555,164.58734709423095,189.56509017640278,225.2243302450233,268.3783974582919,315.89941332124704,364.9842058784379,413.1498557105858,458.0454803040222,497.2248767274657,528.0319516909011,547.7097409128856,553.7694661367394,544.565373852654,519.9310051752125,481.66751210258684,433.6670678318181,381.53029561256835,331.6912311220939,290.24481233650874,261.7983479051273,248.67679212524138,250.69660656725367,265.53456857713985,289.53172855155145,318.6563644667956,349.3358754893127,378.9457328835111,405.8753029050941,429.22995281240804,448.3368208721163,462.2719970688082,469.6110929528702,468.53012501206524,457.2671191147495,434.8237608823648,401.67569098595754,360.2099575712444,314.65626192014463,270.4368100187082,233.0825824222637,207.05010073634534,194.8227726562038,196.5681743763843,210.40902496540903,233.15441327795222,261.2125135552133,291.39448137737736,321.39703251222545,349.8733894310418,376.1317684288463,399.6111204893839,419.3509472681928,433.6752127046823,440.2448420389966,436.5147647639742,420.4911228301996,391.5619918911444,351.1130937993494,302.6730780962465,251.46934046332282,203.4767800310299
-238.1722599297273,-194.90986414836385,-149.46954889718344,-106.10020560610961,-67.89820231058553,-36.47489743339833,-12.045893874736683,6.1329539010307625,19.15380653367907,27.885402076823112,32.633806794660536,33.13828764515296,28.879965518899297,19.563012983083645,5.56109747693244,-11.86512624573835,-30.677628622047905,-48.45302667831441,-62.89157729821921,-72.24176441879497,-75.50075978787271,-72.36702858158063,-63.02631459062204,-47.90061779264813,-27.475710496833205,-2.270178942647033,27.052839515673654,59.48299332151244,93.45720185181709,126.75394346531291,156.57819426084055,179.88732193813257,193.93982382592083,196.96153762389486,188.74413463252267,170.95990098909036,147.0306268625438,121.52755957815346,99.25345763616619,84.28225973606942,79.23942754819211,84.99530062241935,100.7801056412071,124.5958892707789,153.74516400794585,185.31411269818977,216.50732683308004,244.80102897981487,267.94466635487845,283.88644096763034,290.7198658510892,286.74105566752155,270.6676080094215,242.00189053393942,201.4383060645343,151.147971475021,94.76889120546087,37.01147477405792,-17.06498306848695,-62.91111331019818,-97.2315170575665,-118.4134152899066,-126.55860573891117,-123.16662992449585,-110.61017667095354,-91.58060022144075,-68.6613636464448,-44.12307934861927,-19.947916043285538,1.991444049760546,19.730683752541225,31.13831886305939,34.07450478638103,26.800266760405865,8.532456346885679,-20.05868668851825,-56.63391755278585,-97.39382620433658,-137.6953825008805,-172.89757468061168,-199.17462161279855,-214.06777117712062,-216.66729435960517,-207.4585757046719,-187.9656695000026,-160.35109480486753,-127.09404698944364,-90.80709619726473,-54.19122423439464,-20.07654330692977,8.546327667880345,28.615495809169232,37.288803183373965,32.43885723658199,13.25077478042444,-19.265609633790646,-62.065745672470506,-110.32156005122837,-158.15211563569898,-199.67578139967546
136.005436620243,162.57920918790268,186.8231472225175,207.6911584130678,223.48971827408673,231.98501876831648,230.85408703502355,218.38557337572956,194.23237931281622,159.95912427205127,119.14841479963157,76.9476439562586,39.12721688028395,10.908869796031587,-4.07964499693067,-4.410738471148673,9.124522844224613,34.02724637224909,66.91129497626667,104.35213854899312,143.52183206187937,182.4728085857586,220.05693802582488,255.57141953922664,288.2876413027666,317.0366746710593,340.00131758774404,354.8104164892005,358.9550205878181,350.45401390735134,328.602473784409,294.56747302797817,251.5925289956598,204.66266988829906,159.65630779694285,122.20222239608007,96.578785362426,84.97998041228546,87.33862283803244,101.70492598744657,125.00663946670637,153.92411918324441,185.61824861651652,218.1296415667172,250.3842425755311,281.858091731328,312.04780596694246,339.94465682151406,363.70804335864284,380.6802537680474,387.79150332609737,382.29041776653014,362.6214453750031,329.1858565652812,284.70682083220254,234.00698246701032,183.19367767856767,138.46329857222406,104.87947712272411,85.48169698602342,80.95038567649641,89.85862307543876,109.35867350944372,136.04246226652478,166.70349397434458,198.80173797585536,230.5545519795416,260.70130342092733,288.0836886952158,311.23047021386526,328.1283948693685,336.30340183131943,333.241529381371,317.06877178146,287.30732719678923,245.45979929313222,195.1776090933581,141.87124423785724,91.80229260843899,50.88972363178726,23.575266038166816,12.072885703537548,16.18962192097636,33.713028790404955,61.189951139926734,94.82828599028842,131.2563299985912,167.95531988177126,203.30185813488154,236.27887321581696,266.006264947667,291.2869488548788,310.35436398404727,320.94773927763663,320.7429847547149,308.04838631922314,282.5634794898011,245.93494767184433,201.86435260964214,155.6465080238585
167.95531988177126,203.30185813488154,236.27887321581696,266.006264947667,291.2869488548788,310.35436398404727,320.94773927763663,320.7429847547149,308.04838631922314,282.5634794898011,245.93494767184433,201.86435260964214,155.6465080238585,113.21422479094691,79.95433382745037,59.65057509982658,53.85904433716119,61.861766909852015,81.14910829991402,108.22809772858358,139.48743809640948,171.87685809365954,203.2513817527158,232.34934192692663,258.4804777295384,281.07348599592336,299.2598319213383,311.6517576417945,316.41375580914263,311.6400998262756,295.9532278418416,269.15051977242365,232.67695283730097,189.71795043866342,144.80859561021555,103.02258370381652,68.96944061630467,45.909619258875736,35.25280109690455,36.55993394796951,47.9926728955105,67.01580264463549,91.10256902471242,118.2256287171589,147.01271102280188,176.5674956532155,206.06530004776383,234.30153673233886,259.38339446020075,278.7121487057811,289.3180099101126,288.50095348895655,274.62197270251977,247.8074158363392,210.30921310561544,166.33642585944344,121.33776997644172,80.91574288217703,49.69848399414549,30.51217634178011,24.078304962017533,29.26563501600321,43.74131859868153,64.75773261556634,89.80921371404861,116.97935231215142,144.9301583757995,172.60953811784643,198.8363428970338,221.9471703958461,239.66099230053766,249.25211103747284,248.03339137872527,234.05236435210537,206.81199609114603,167.77729925469396,120.4528610162567,69.9301818711053,21.98138268633698,-18.053517923976127,-46.25679409582445,-60.71905543786319,-61.59021864600286,-50.64914298891619,-30.591636906426206,-4.296293464543999,25.708414733720243,57.456224503047125,89.43851132588682,120.28880646311917,148.41996892095833,171.78598400129243,187.90098963856892,194.16855198992803,188.47052460619608,169.86173515010532,139.14529503226046,99.09692541505,54.1891195706935,9.827951402091562
-197.9275435596039,-166.79821867731533,-130.2864341420132,-90.94395744004946,-51.31524112679811,-14.066250380574429,17.91080256708929,41.540008497000585,53.83010860507928,52.36835645850765,35.94486742807072,5.131453768007186,-37.39675918611182,-86.9750459194104,-137.56531494247022,-182.77651884977107,-217.03302714921097,-236.56227693387163,-239.92779355549285,-227.99114702001748,-203.37448031413118,-169.63860895053804,-130.44588846288158,-88.93934174686157,-47.468988235112086,-7.673014978722604,29.18953912173623,61.83061920932036,88.64278248517473,107.67639409241661,116.94089059544451,114.96885359740206,101.47184666331411,77.84958009468566,47.32177185786563,14.553702370330111,-15.177173541160885,-37.0434303467053,-47.62807012182374,-45.48710510702004,-31.171776615271884,-6.768506156575593,24.824705401997416,60.608109190538414,97.95271410102711,134.7383390081722,169.19807371801068,199.6103694934068,224.02104019657418,240.15981891682156,245.649984486013,238.50902027434358,217.82368018705736,184.38468826543198,141.02540608109118,92.4640648967317,44.6060227571257,3.465770777100074,-25.979008101723135,-40.663156471160896,-39.80791245245359,-24.742948049197967,1.6944581863855044,35.94099650823851,74.41139951268188,113.93991653076614,151.89693502301688,186.04219620536952,214.26338351076254,234.3794212380107,244.1553687015832,241.58961578599911,225.42082257749607,195.69883770247563,154.20586265460645,104.52636563267352,51.65595962480383,1.1927144869644266,-41.68549227437627,-73.16110005299586,-91.36124442427,-96.44268303081401,-90.20828189830422,-75.4310015281573,-55.125522656488386,-31.982880718000906,-8.096466106521401,15.002332595273929,36.07994988680397,53.85534256172885,66.7420029490351,72.81701858026935,70.08242787832502,56.979512894838514,33.010119749079124,-0.7531713656007216,-41.488721458263086,-84.91295874111023,-126.00700654568443,-159.98851681082388
-34.40880598817918,-17.384078133094615,4.539450022805673,29.531792730890757,56.08645453237472,83.14124917673666,109.9582118369293,135.8465031566564,159.85919771074438,180.6017411570914,196.25904774658872,204.88434778788894,204.9043455318715,195.70144510596782,178.0692776741077,154.34276069464408,128.09885794770946,103.48328544908802,84.3702638717022,73.62888607116702,72.71598296146996,81.67164382699357,99.43426053027734,124.29155054763758,154.27709953321184,187.39186470114416,221.62997792116536,254.87419679860656,284.77557762366774,308.7390081993875,324.1032447691554,328.53785056158836,320.59418675864265,300.26565348726683,269.36168662338866,231.5102532708857,191.69428869737894,155.3848757893867,127.49671263011417,111.47593762847548,108.78662500570698,118.91003253232661,139.78473871559015,168.4788683474464,201.84642373379734,236.97703213914508,271.36206147787385,302.8179082127957,329.2897776511644,348.68908719501917,358.8950547481421,357.98614526068593,344.67611612965374,318.835349668237,281.91056485651745,237.04717886062195,188.79104397691785,142.390061443294,102.87483679223655,74.19142992662567,58.63805831452413,56.734242396597836,67.48848773396546,88.90217993390623,118.49948270204474,153.70987916946714,192.02141121209624,230.92671090306354,267.7658828577553,299.6094672194952,323.3140898322925,335.8273859193981,334.7300873948848,318.9015378955589,289.1085210790029,248.282973950575,201.30722410857996,154.27266442158685,113.37134192653002,83.7292439626516,68.518338564034,68.57990524191868,82.60810235676911,107.76068742607059,140.45098267779596,177.06217816078367,214.3998693949052,249.82080690250328,281.09941786855745,306.18254173594136,323.0138412707713,329.57408359996816,324.1917645025428,306.05892198699706,275.7797799593757,235.72530051450212,189.99404994266843,143.89556787159532,103.04496959217356,72.3153407277565
82.60810235676911,107.76068742607059,140.45098267779596,177.06217816078367,214.3998693949052,249.82080690250328,281.09941786855745,306.18254173594136,323.0138412707713,329.57408359996816,324.1917645025428,306.05892198699706,275.7797799593757,235.72530051450212,189.99404994266843,143.89556787159532,103.04496959217356,72.3153407277565,54.96027633872806,52.159049247391465,63.08134254396521,85.3884358489633,115.95625393458266,151.56597663891353,189.36032087801448,226.97538151682343,262.38559969933493,293.6039947548695,318.43054231139087,334.4216641738317,339.1691221314416,330.8551379105848,308.93000614981946,274.67593366744296,231.4104653062693,184.16857884668767,138.874832753458,101.21334562526985,75.530132425311,64.09448956986697,66.91056068176759,82.0739238214789,106.49413769213463,136.71329893705024,169.56241913876858,202.49226688942997,233.5502658442423,261.1024651425611,283.48196391252276,298.7626287984786,304.80743275894986,299.6378580970239,282.04245175051733,252.2273549936171,212.2521894131595,166.0278745395087,118.78876333453883,76.14825794652945,43.01611686121711,22.711628409124053,16.52426941061081,23.79828998960289,42.43255961871127,69.56659699425892,102.20413212703441,137.59628168521394,173.3250910638653,207.14678298283937,236.73751452076596,259.5149782156497,272.6827262690315,273.5671188153942,260.20674196732904,232.04077377564488,190.46441856623073,139.01309657224874,83.0240706443217,28.791650790422533,-17.58065052592313,-51.30837271085105,-69.72042183526409,-72.53180640843594,-61.58674893449072,-40.219875456064415,-12.464328514127727,17.669178197266454,46.687155176870796,71.82251485142793,90.98959121700294,102.5856950520535,105.2791044969597,97.92237222115259,79.67918253597908,50.3581547803651,10.836341303914345,-36.62539280887541,-88.3759373340834,-139.7803929652113,-185.97698546931252,-222.76669082669986
-106.05010557922645,-99.83758224933887,-82.36426334062615,-55.837292430669045,-22.671010289454067,14.726901997213615,53.94019958820283,92.38999358589683,127.18900570888906,155.15336766680494,173.06831785369403,178.2094962094318,169.01186613125196,145.68897682225614,110.57153530792147,67.98210397487718,23.59525830821234,-16.587294167505334,-47.365045653166206,-65.24145710159024,-68.85647829718414,-58.88007680701085,-37.48456718795668,-7.633298972044874,27.56176918734812,65.2381755194624,102.8838772334131,138.20605043870572,168.9118374331855,192.56866720213085,206.67765415997354,209.01249016990695,198.16970278822842,174.1729712635856,138.9084537110989,96.17538726764607,51.237723003886074,9.937262883089458,-22.396534125776476,-41.918741990331036,-46.847532314921494,-37.52373646477781,-16.00893687331503,14.579388527107964,50.74662257696768,89.1123094535336,126.6256633192996,160.5412442780029,188.27958026459982,207.32894216715025,215.3190001496079,210.32559321037482,191.36475373144123,158.92998117058517,115.35816790669355,64.81720138659699,12.812107361332671,-34.719862345331286,-72.48736445024973,-96.78187005349736,-106.01032881760712,-100.70982552347398,-83.1069763321446,-56.41866234998941,-24.13995295544764,10.474946715554864,44.63539671051618,75.9594462548938,102.26044596879755,121.34515127212168,130.9833935862936,129.1403324525879,114.45113329782875,86.79975936093484,47.78347782354994,0.8411960368010518,-49.086834759163715,-96.33896554546618,-135.55284512685947,-162.62981658455314,-175.36686298757445,-173.60613879452964,-158.92399521282198,-134.0276285948794,-102.09444426211435,-66.26125818304007,-29.37320109981557,6.0160778042113,37.49596274346087,62.65052082494107,79.04876904940713,84.45540549919166,77.2564636278536,56.99793966071602,24.857536237977055,-16.15761799586602,-61.442863200379456,-105.47964837948372,-142.8214703312122,-169.10353400228874
-144.43502885248776,-103.25456889271136,-60.653695010228404,-18.577337394940706,21.324642757036436,57.370753636790276,87.60964053110833,109.8175606847219,121.79089929470813,121.8855496410046,109.65601772792151,86.38013559044171,55.244287172940616,21.033817601780665,-10.67243347328834,-34.61258791255506,-46.9271296726438,-45.880024519184424,-32.00571914731438,-7.678370261316881,23.707386420156393,58.64785568088758,94.24527824441607,128.54080131530753,160.42821043022116,189.2508659646684,214.276791172003,234.27480767077762,247.37726151069396,251.32300059966855,244.0485988136483,224.4669070026671,193.17739443817615,152.83121676381785,107.95392107561673,64.20471617581089,27.263149989795828,1.6841876667179756,-9.92535909799896,-7.186436243169867,8.333951822910139,33.79678062718267,65.89109343487556,101.50457418751843,138.10011317032007,173.75628935398746,206.9404116925318,236.15749647609974,259.6485073991338,275.2941870594412,280.8178744348401,274.2805424979548,254.74624227053727,222.901776152651,181.3816579113085,134.6097080906453,88.12130782124234,47.524393011064696,17.405100164954327,0.5115992874524131,-2.5557779959605553,6.89408474153844,26.28852651624933,52.58920850611796,82.9775138262474,115.23927139792373,147.7868008193386,179.38431724222843,208.73515172138812,234.12473720648842,253.28905659905962,263.60638031325806,262.60925164940153,248.70252620543542,221.87467902958178,184.1399001193182,139.49059042429263,93.2883894157288,51.22968277218223,18.19312488076379,-2.6728178307358332,-10.357597475145631,-5.818307686225635,8.637117718733974,30.14731059278426,55.99131327985979,83.9825744003372,112.50720888815061,140.28112699046906,165.98159207713377,187.9317379927982,203.99111781871602,211.74301348849332,208.97901590598667,194.37524933348507,168.1561603047945,132.4918068505116,91.41890512176776,50.22690655747686,14.45363015683584
30.14731059278426,55.99131327985979,83.9825744003372,112.50720888815061,140.28112699046906,165.98159207713377,187.9317379927982,203.99111781871602,211.74301348849332,208.97901590598667,194.37524933348507,168.1561603047945,132.4918068505116,91.41890512176776,50.22690655747686,14.45363015683584,-11.209789179682904,-23.775370827446615,-22.348652473852827,-8.00000468552288,16.767850135559847,48.73894183352146,84.65777446897319,121.6824792529926,157.5373037789758,190.38623533374195,218.53711398845903,240.14264493442687,253.07348983494026,255.08603464533547,244.29967711296578,219.86656137499702,182.60790274281686,135.35441911026973,82.7962240790517,30.81119378991765,-14.562604103314877,-48.20770681051112,-66.7466059493207,-68.89723315306344,-55.339086918998866,-28.22682172680552,9.425505261743204,54.27697827105609,102.98204712628612,152.28700251404558,198.9759540799654,239.78669915154208,271.417102541275,290.7095641244358,295.04343360018,282.88840680362887,254.38816923546776,211.7782650644504,159.43105352729978,103.3941458689245,50.445229166720026,6.871706365931089,-22.690823537767773,-36.02943786679779,-33.532272419258305,-17.767331014310717,7.367788195283986,37.65405091787569,69.44140541475582,100.21975303771795,128.78169360729777,155.0003318674136,179.33101842853296,202.19557168769816,223.42124756783537,241.88773947213468,255.48861023489198,261.4458534227329,256.9367047366649,239.90923353703468,209.88894532873584,168.53500987039942,119.72577016624014,69.06331743749705,22.86926936697815,-13.070182702367642,-34.65041312170846,-40.1611003878567,-30.39647914448932,-8.199073197145523,22.358827265335798,56.879618624675565,91.38649527074197,122.76640855463657,148.8813300748901,168.41496995829223,180.58037170049883,184.83158201609305,180.702561762444,167.84463951882736,146.26041212881015,116.65188850313251,80.73419008579833,41.341452115864705
-225.00421146566433,-214.94078511513658,-194.2045151608972,-165.75126578706596,-132.85140500921872,-98.69639178137136,-66.22088661671731,-38.088034415199076,-16.725888921730533,-4.29454783945173,-2.502740908150317,-12.265819333411526,-33.285348881944834,-63.70666038525709,-100.03835275080259,-137.46573899143667,-170.56086110730104,-194.2358800048522,-204.68081536887416,-200.02366572543664,-180.54829033042856,-148.45400271135665,-107.27735595417668,-61.17313712905708,-14.25233854451383,29.88366517000196,68.35933807587965,99.0228073494542,120.32020108865508,131.16963807186337,130.94156064894153,119.5925533998756,97.91340895761093,67.76998008188583,32.17728050722708,-4.914509139165319,-39.13115084643911,-66.35633543649105,-83.37645886786578,-88.29864040770879,-80.65450981332549,-61.226398286590886,-31.718899458953203,5.581064608169587,48.05216055930553,92.8610970720662,136.99355509214942,177.2711983435533,210.4446614385153,233.43182837755316,243.71940663974215,239.87308762993072,222.02728150203833,192.17918457195793,154.12548793820648,112.96993830712952,74.27611677440946,43.07998359539954,23.037887895946472,15.934378300154739,21.638382566200963,38.442641438159036,63.614192266215184,93.95707165355661,126.23704841882083,157.40846694368213,184.674268796713,205.47117902461991,217.48857303235516,218.8029709165568,208.15298001593607,185.30846197867984,151.41984585353723,109.19156913333849,62.73763463706992,17.065644307799744,-22.724130269753008,-52.31268830737306,-68.856611738826,-71.31666604046396,-60.372007095711865,-38.01411285466974,-7.004207950222956,29.615354078062207,68.83269893206312,107.778053605348,143.69760328370398,173.8962206477985,195.75850282250912,206.92654906957537,205.65312468705582,191.26679108815725,164.60155553160334,128.19736652821172,86.11276733084773,43.31838051269225,4.812080952789923,-25.275106897569707,-44.302093625874974,-51.3027929165939
-55.41157510577086,-42.95442481216025,-18.083193820470246,15.473217880046642,53.68392526895316,92.72343381325743,129.1899413236963,160.09758170696614,182.78994944146226,194.9387339728804,194.73526417277688,181.27325299847513,154.99983601703178,118.03181108322575,74.13655601902701,28.273097290753814,-14.250555924848646,-48.78568416267907,-72.21100049335853,-83.39084478743939,-83.10254911878047,-73.506974227855,-57.391065172700536,-37.46450807902101,-15.931556213842745,5.580097058264472,25.80401958351362,43.506522511112045,57.23755379894404,65.29766051384617,65.96219942164961,57.90782256150625,40.71364269050356,15.270310452537876,-16.06707720319552,-49.68830472341062,-81.2908930745704,-106.65306211136243,-122.38659276036526,-126.45094491418895,-118.31330426324514,-98.77866363861607,-69.62350146662341,-33.204713488456086,7.820530676439688,50.611422815647835,92.13649220928768,129.15004017740165,158.2780471390716,176.30353093118038,180.66101870706234,170.04881581472748,144.9788002342686,108.04536270931044,63.74174837562589,17.787866968933457,-23.887366855767823,-56.227723687491896,-75.88780407397837,-81.61724330895136,-74.14737685404356,-55.69452168616951,-29.28573413440728,1.8772709514090948,34.85711974134525,67.15845725739536,96.68023961893134,121.5539761728065,140.0092022914682,150.3848840425242,151.33633758268562,142.19129313618984,123.32037378492743,96.34863867915614,64.07579330094379,30.085259383348504,-1.8471211933782654,-28.356135010494842,-46.92760145344432,-56.09110513407313,-55.38963478005028,-45.22582683869325,-26.698725565531287,-1.5063160820674246,28.073644206891846,59.1706794737703,88.36175479387884,111.86113908910404,125.93086052616556,127.51243250167815,114.97594924998369,88.78023856480453,51.79009665543722,9.04838302789575,-33.04061089591565,-67.94676837465116,-90.3297484158608,-97.05761228116198,-87.66203933173387,-64.16414837929142
19.423543727932195,1.5068096414806642,-4.890321712074492,0.03234066417671805,14.626491865531593,36.27981460828054,62.00687175304069,88.99577243402584,114.98842954894441,138.4339880837838,158.43058932021987,174.53505233367247,186.55222218808058,194.40383136085853,198.12318372261146,197.94882389073675,194.43473058154785,188.4875748338233,181.28544606571873,174.0993872672513,168.09203358075007,164.1809090282577,163.02092012163217,165.09510102335346,170.83717530593182,180.68216043183787,194.97251077142263,213.72428092201542,236.3409724278606,261.41031514303074,286.71033762382575,309.490866797501,327.00521664343336,337.16973955682334,339.15750634413416,333.72208825091593,323.1190229816796,310.6279151106194,299.81989393672825,293.7989842373011,294.63771817704935,303.13656759836095,318.9066729008604,340.6633324032452,366.57177309315114,394.52029633263584,422.2778115588719,447.5690868803913,468.1353088018996,481.8393720749383,486.84265195690284,481.83713861754376,466.27523974359065,440.51693496624495,405.8278907122699,364.2128847736553,318.1323212723718,270.1914550611524,222.89127783032924,178.4899179306634,138.96388251793917,106.0063547831209,80.98115139772736,64.77928707318357,57.589876310010844,58.667148215779775,66.21563971434662,77.50384795152812,89.25135022028567,98.23622682014748,101.97586702891103,99.28486044337998,90.5327995209702,77.5101018505943,62.93401595371423,49.745620853842,40.41571953360438,36.46544959259939,38.320841535168555,45.49422603909828,56.97032313574833,71.61719477666307,88.46112999603743,106.74420234822792,125.78609564831234,144.7571274697111,162.50573402149342,177.55872735324954,188.33897044061177,193.5526883276165,192.6204288210985,185.98899150880564,175.18318863707995,162.53604689447008,150.65198181864133,141.76585098893284,137.21007246836984,137.16274807048742,140.73845671333535,146.35404665201114
